captured_at,source,frame_index,plc_time,key_switch_on,direction_handle,direction_name,master_handle,master_name,traction_percent,brake_percent,emergency_brake_pressed,door_open_left,door_open_right,door_close_left,door_close_right,mode_upgrade_confirm,mode_downgrade_confirm,confirm_pressed,ato_start_pressed,plc_speed_raw_word,interval_ms,raw_hex
2026-07-13T03:27:59.773+00:00,live,1,2026-07-13 11:37:39,True,1,FORWARD,1,TRACTION,79,0,False,False,False,False,False,False,False,False,False,0,,55 aa 55 aa 2e 00 16 00 ea 07 07 00 0d 00 0b 00 25 00 27 00 01 00 ec 9f 20 00 00 00 00 00 00 00 00 00 00 02 01 00 01 00 4f 00 00 00 00 00
2026-07-13T03:27:59.873+00:00,live,2,2026-07-13 11:37:39,True,1,FORWARD,1,TRACTION,79,0,False,False,False,False,False,False,False,False,False,0,94.0,55 aa 55 aa 2e 00 16 00 ea 07 07 00 0d 00 0b 00 25 00 27 00 01 00 ec 9f 20 00 00 00 00 00 00 00 00 00 00 02 01 00 01 00 4f 00 00 00 00 00
2026-07-13T03:27:59.977+00:00,live,3,2026-07-13 11:37:39,True,1,FORWARD,1,TRACTION,79,0,False,False,False,False,False,False,False,False,False,0,109.0,55 aa 55 aa 2e 00 16 00 ea 07 07 00 0d 00 0b 00 25 00 27 00 01 00 ec 9f 20 00 00 00 00 00 00 00 00 00 00 02 01 00 01 00 4f 00 00 00 00 00
2026-07-13T03:28:00.076+00:00,live,4,2026-07-13 11:37:39,True,1,FORWARD,1,TRACTION,79,0,False,False,False,False,False,False,False,False,False,0,94.0,55 aa 55 aa 2e 00 16 00 ea 07 07 00 0d 00 0b 00 25 00 27 00 01 00 ec 9f 20 00 00 00 00 00 00 00 00 00 00 02 01 00 01 00 4f 00 00 00 00 00
2026-07-13T03:28:00.178+00:00,live,5,2026-07-13 11:37:39,True,1,FORWARD,1,TRACTION,79,0,False,False,False,False,False,False,False,False,False,0,110.0,55 aa 55 aa 2e 00 16 00 ea 07 07 00 0d 00 0b 00 25 00 27 00 01 00 ec 9f 20 00 00 00 00 00 00 00 00 00 00 02 01 00 01 00 4f 00 00 00 00 00
2026-07-13T03:28:00.277+00:00,live,6,2026-07-13 11:37:39,True,1,FORWARD,1,TRACTION,79,0,False,False,False,False,False,False,False,False,False,0,93.0,55 aa 55 aa 2e 00 16 00 ea 07 07 00 0d 00 0b 00 25 00 27 00 01 00 ec 9f 20 00 00 00 00 00 00 00 00 00 00 02 01 00 01 00 4f 00 00 00 00 00
2026-07-13T03:28:00.378+00:00,live,7,2026-07-13 11:37:39,True,1,FORWARD,1,TRACTION,79,0,False,False,False,False,False,False,False,False,False,0,94.0,55 aa 55 aa 2e 00 16 00 ea 07 07 00 0d 00 0b 00 25 00 27 00 01 00 ec 9f 20 00 00 00 00 00 00 00 00 00 00 02 01 00 01 00 4f 00 00 00 00 00
2026-07-13T03:28:00.477+00:00,live,8,2026-07-13 11:37:39,True,1,FORWARD,1,TRACTION,78,0,False,False,False,False,False,False,False,False,False,0,109.0,55 aa 55 aa 2e 00 16 00 ea 07 07 00 0d 00 0b 00 25 00 27 00 01 00 ed 4e 20 00 00 00 00 00 00 00 00 00 00 02 01 00 01 00 4e 00 00 00 00 00
2026-07-13T03:28:00.581+00:00,live,9,2026-07-13 11:37:40,True,1,FORWARD,1,TRACTION,76,0,False,False,False,False,False,False,False,False,False,0,94.0,55 aa 55 aa 2e 00 16 00 ea 07 07 00 0d 00 0b 00 25 00 28 00 01 00 ec ac 20 00 00 00 00 00 00 00 00 00 00 02 01 00 01 00 4c 00 00 00 00 00
2026-07-13T03:28:00.680+00:00,live,10,2026-07-13 11:37:40,True,1,FORWARD,1,TRACTION,74,0,False,False,False,False,False,False,False,False,False,0,110.0,55 aa 55 aa 2e 00 16 00 ea 07 07 00 0d 00 0b 00 25 00 28 00 01 00 ec ca 20 00 00 00 00 00 00 00 00 00 00 02 01 00 01 00 4a 00 00 00 00 00
2026-07-13T03:28:00.768+00:00,live,11,2026-07-13 11:37:40,True,1,FORWARD,1,TRACTION,73,0,False,False,False,False,False,False,False,False,False,0,78.0,55 aa 55 aa 2e 00 16 00 ea 07 07 00 0d 00 0b 00 25 00 28 00 01 00 ec f9 20 00 00 00 00 00 00 00 00 00 00 02 01 00 01 00 49 00 00 00 00 00
2026-07-13T03:28:00.883+00:00,live,12,2026-07-13 11:37:40,True,1,FORWARD,1,TRACTION,71,0,False,False,False,False,False,False,False,False,False,0,125.0,55 aa 55 aa 2e 00 16 00 ea 07 07 00 0d 00 0b 00 25 00 28 00 01 00 ed d7 20 00 00 00 00 00 00 00 00 00 00 02 01 00 01 00 47 00 00 00 00 00
2026-07-13T03:28:00.983+00:00,live,13,2026-07-13 11:37:40,True,1,FORWARD,1,TRACTION,69,0,False,False,False,False,False,False,False,False,False,0,93.0,55 aa 55 aa 2e 00 16 00 ea 07 07 00 0d 00 0b 00 25 00 28 00 01 00 ec 35 20 00 00 00 00 00 00 00 00 00 00 02 01 00 01 00 45 00 00 00 00 00
2026-07-13T03:28:01.083+00:00,live,14,2026-07-13 11:37:40,True,1,FORWARD,1,TRACTION,68,0,False,False,False,False,False,False,False,False,False,0,110.0,55 aa 55 aa 2e 00 16 00 ea 07 07 00 0d 00 0b 00 25 00 28 00 01 00 ed e4 20 00 00 00 00 00 00 00 00 00 00 02 01 00 01 00 44 00 00 00 00 00
2026-07-13T03:28:01.179+00:00,live,15,2026-07-13 11:37:40,True,1,FORWARD,1,TRACTION,67,0,False,False,False,False,False,False,False,False,False,0,94.0,55 aa 55 aa 2e 00 16 00 ea 07 07 00 0d 00 0b 00 25 00 28 00 01 00 ec 53 20 00 00 00 00 00 00 00 00 00 00 02 01 00 01 00 43 00 00 00 00 00
2026-07-13T03:28:01.279+00:00,live,16,2026-07-13 11:37:40,True,1,FORWARD,1,TRACTION,65,0,False,False,False,False,False,False,False,False,False,0,93.0,55 aa 55 aa 2e 00 16 00 ea 07 07 00 0d 00 0b 00 25 00 28 00 01 00 ed b1 20 00 00 00 00 00 00 00 00 00 00 02 01 00 01 00 41 00 00 00 00 00
2026-07-13T03:28:01.383+00:00,live,17,2026-07-13 11:37:40,True,1,FORWARD,1,TRACTION,64,0,False,False,False,False,False,False,False,False,False,0,110.0,55 aa 55 aa 2e 00 16 00 ea 07 07 00 0d 00 0b 00 25 00 28 00 01 00 ec 60 20 00 00 00 00 00 00 00 00 00 00 02 01 00 01 00 40 00 00 00 00 00
2026-07-13T03:28:01.487+00:00,live,18,2026-07-13 11:37:40,True,1,FORWARD,1,TRACTION,63,0,False,False,False,False,False,False,False,False,False,0,93.0,55 aa 55 aa 2e 00 16 00 ea 07 07 00 0d 00 0b 00 25 00 28 00 01 00 e7 af 20 00 00 00 00 00 00 00 00 00 00 02 01 00 01 00 3f 00 00 00 00 00
2026-07-13T03:28:01.587+00:00,live,19,2026-07-13 11:37:41,True,1,FORWARD,1,TRACTION,62,0,False,False,False,False,False,False,False,False,False,0,110.0,55 aa 55 aa 2e 00 16 00 ea 07 07 00 0d 00 0b 00 25 00 29 00 01 00 e6 7e 20 00 00 00 00 00 00 00 00 00 00 02 01 00 01 00 3e 00 00 00 00 00
2026-07-13T03:28:01.685+00:00,live,20,2026-07-13 11:37:41,True,1,FORWARD,1,TRACTION,61,0,False,False,False,False,False,False,False,False,False,0,94.0,55 aa 55 aa 2e 00 16 00 ea 07 07 00 0d 00 0b 00 25 00 29 00 01 00 e6 4d 20 00 00 00 00 00 00 00 00 00 00 02 01 00 01 00 3d 00 00 00 00 00
2026-07-13T03:28:01.787+00:00,live,21,2026-07-13 11:37:41,True,1,FORWARD,1,TRACTION,61,0,False,False,False,False,False,False,False,False,False,0,109.0,55 aa 55 aa 2e 00 16 00 ea 07 07 00 0d 00 0b 00 25 00 29 00 01 00 e6 4d 20 00 00 00 00 00 00 00 00 00 00 02 01 00 01 00 3d 00 00 00 00 00
2026-07-13T03:28:01.886+00:00,live,22,2026-07-13 11:37:41,True,1,FORWARD,1,TRACTION,60,0,False,False,False,False,False,False,False,False,False,0,94.0,55 aa 55 aa 2e 00 16 00 ea 07 07 00 0d 00 0b 00 25 00 29 00 01 00 e7 9c 20 00 00 00 00 00 00 00 00 00 00 02 01 00 01 00 3c 00 00 00 00 00
2026-07-13T03:28:01.996+00:00,live,23,2026-07-13 11:37:41,True,1,FORWARD,1,TRACTION,59,0,False,False,False,False,False,False,False,False,False,0,109.0,55 aa 55 aa 2e 00 16 00 ea 07 07 00 0d 00 0b 00 25 00 29 00 01 00 e6 2b 20 00 00 00 00 00 00 00 00 00 00 02 01 00 01 00 3b 00 00 00 00 00
2026-07-13T03:28:02.095+00:00,live,24,2026-07-13 11:37:41,True,1,FORWARD,1,TRACTION,58,0,False,False,False,False,False,False,False,False,False,0,94.0,55 aa 55 aa 2e 00 16 00 ea 07 07 00 0d 00 0b 00 25 00 29 00 01 00 e7 fa 20 00 00 00 00 00 00 00 00 00 00 02 01 00 01 00 3a 00 00 00 00 00
2026-07-13T03:28:02.194+00:00,live,25,2026-07-13 11:37:41,True,1,FORWARD,1,TRACTION,57,0,False,False,False,False,False,False,False,False,False,0,109.0,55 aa 55 aa 2e 00 16 00 ea 07 07 00 0d 00 0b 00 25 00 29 00 01 00 e7 c9 20 00 00 00 00 00 00 00 00 00 00 02 01 00 01 00 39 00 00 00 00 00
2026-07-13T03:28:02.289+00:00,live,26,2026-07-13 11:37:41,True,1,FORWARD,1,TRACTION,55,0,False,False,False,False,False,False,False,False,False,0,94.0,55 aa 55 aa 2e 00 16 00 ea 07 07 00 0d 00 0b 00 25 00 29 00 01 00 e6 e7 20 00 00 00 00 00 00 00 00 00 00 02 01 00 01 00 37 00 00 00 00 00
2026-07-13T03:28:02.391+00:00,live,27,2026-07-13 11:37:41,True,1,FORWARD,1,TRACTION,54,0,False,False,False,False,False,False,False,False,False,0,94.0,55 aa 55 aa 2e 00 16 00 ea 07 07 00 0d 00 0b 00 25 00 29 00 01 00 e7 36 20 00 00 00 00 00 00 00 00 00 00 02 01 00 01 00 36 00 00 00 00 00
2026-07-13T03:28:02.491+00:00,live,28,2026-07-13 11:37:41,True,1,FORWARD,1,TRACTION,52,0,False,False,False,False,False,False,False,False,False,0,109.0,55 aa 55 aa 2e 00 16 00 ea 07 07 00 0d 00 0b 00 25 00 29 00 01 00 e6 d4 20 00 00 00 00 00 00 00 00 00 00 02 01 00 01 00 34 00 00 00 00 00
2026-07-13T03:28:02.598+00:00,live,29,2026-07-13 11:37:42,True,1,FORWARD,1,TRACTION,51,0,False,False,False,False,False,False,False,False,False,0,109.0,55 aa 55 aa 2e 00 16 00 ea 07 07 00 0d 00 0b 00 25 00 2a 00 01 00 e7 63 20 00 00 00 00 00 00 00 00 00 00 02 01 00 01 00 33 00 00 00 00 00
2026-07-13T03:28:02.685+00:00,live,30,2026-07-13 11:37:42,True,1,FORWARD,1,TRACTION,51,0,False,False,False,False,False,False,False,False,False,0,79.0,55 aa 55 aa 2e 00 16 00 ea 07 07 00 0d 00 0b 00 25 00 2a 00 01 00 e7 63 20 00 00 00 00 00 00 00 00 00 00 02 01 00 01 00 33 00 00 00 00 00
2026-07-13T03:28:02.791+00:00,live,31,2026-07-13 11:37:42,True,1,FORWARD,1,TRACTION,48,0,False,False,False,False,False,False,False,False,False,0,109.0,55 aa 55 aa 2e 00 16 00 ea 07 07 00 0d 00 0b 00 25 00 2a 00 01 00 e7 50 20 00 00 00 00 00 00 00 00 00 00 02 01 00 01 00 30 00 00 00 00 00
2026-07-13T03:28:02.893+00:00,live,32,2026-07-13 11:37:42,True,1,FORWARD,1,TRACTION,46,0,False,False,False,False,False,False,False,False,False,0,94.0,55 aa 55 aa 2e 00 16 00 ea 07 07 00 0d 00 0b 00 25 00 2a 00 01 00 e4 ee 20 00 00 00 00 00 00 00 00 00 00 02 01 00 01 00 2e 00 00 00 00 00
2026-07-13T03:28:02.993+00:00,live,33,2026-07-13 11:37:42,True,1,FORWARD,1,TRACTION,44,0,False,False,False,False,False,False,False,False,False,0,109.0,55 aa 55 aa 2e 00 16 00 ea 07 07 00 0d 00 0b 00 25 00 2a 00 01 00 e5 0c 20 00 00 00 00 00 00 00 00 00 00 02 01 00 01 00 2c 00 00 00 00 00
2026-07-13T03:28:03.090+00:00,live,34,2026-07-13 11:37:42,True,1,FORWARD,1,TRACTION,42,0,False,False,False,False,False,False,False,False,False,0,94.0,55 aa 55 aa 2e 00 16 00 ea 07 07 00 0d 00 0b 00 25 00 2a 00 01 00 e5 6a 20 00 00 00 00 00 00 00 00 00 00 02 01 00 01 00 2a 00 00 00 00 00
2026-07-13T03:28:03.194+00:00,live,35,2026-07-13 11:37:42,True,1,FORWARD,1,TRACTION,39,0,False,False,False,False,False,False,False,False,False,0,109.0,55 aa 55 aa 2e 00 16 00 ea 07 07 00 0d 00 0b 00 25 00 2a 00 01 00 e4 77 20 00 00 00 00 00 00 00 00 00 00 02 01 00 01 00 27 00 00 00 00 00
2026-07-13T03:28:03.296+00:00,live,36,2026-07-13 11:37:42,True,1,FORWARD,1,TRACTION,38,0,False,False,False,False,False,False,False,False,False,0,94.0,55 aa 55 aa 2e 00 16 00 ea 07 07 00 0d 00 0b 00 25 00 2a 00 01 00 e5 a6 20 00 00 00 00 00 00 00 00 00 00 02 01 00 01 00 26 00 00 00 00 00
2026-07-13T03:28:03.392+00:00,live,37,2026-07-13 11:37:42,True,1,FORWARD,1,TRACTION,36,0,False,False,False,False,False,False,False,False,False,0,94.0,55 aa 55 aa 2e 00 16 00 ea 07 07 00 0d 00 0b 00 25 00 2a 00 01 00 e4 44 20 00 00 00 00 00 00 00 00 00 00 02 01 00 01 00 24 00 00 00 00 00
2026-07-13T03:28:03.497+00:00,live,38,2026-07-13 11:37:42,True,1,FORWARD,1,TRACTION,33,0,False,False,False,False,False,False,False,False,False,0,109.0,55 aa 55 aa 2e 00 16 00 ea 07 07 00 0d 00 0b 00 25 00 2a 00 01 00 e4 11 20 00 00 00 00 00 00 00 00 00 00 02 01 00 01 00 21 00 00 00 00 00
2026-07-13T03:28:03.597+00:00,live,39,2026-07-13 11:37:43,True,1,FORWARD,1,TRACTION,30,0,False,False,False,False,False,False,False,False,False,0,94.0,55 aa 55 aa 2e 00 16 00 ea 07 07 00 0d 00 0b 00 25 00 2b 00 01 00 e1 1e 20 00 00 00 00 00 00 00 00 00 00 02 01 00 01 00 1e 00 00 00 00 00
2026-07-13T03:28:03.697+00:00,live,40,2026-07-13 11:37:43,True,1,FORWARD,1,TRACTION,25,0,False,False,False,False,False,False,False,False,False,0,109.0,55 aa 55 aa 2e 00 16 00 ea 07 07 00 0d 00 0b 00 25 00 2b 00 01 00 e0 a9 20 00 00 00 00 00 00 00 00 00 00 02 01 00 01 00 19 00 00 00 00 00
2026-07-13T03:28:03.797+00:00,live,41,2026-07-13 11:37:43,True,1,FORWARD,1,TRACTION,20,0,False,False,False,False,False,False,False,False,False,0,94.0,55 aa 55 aa 2e 00 16 00 ea 07 07 00 0d 00 0b 00 25 00 2b 00 01 00 e1 b4 20 00 00 00 00 00 00 00 00 00 00 02 01 00 01 00 14 00 00 00 00 00
2026-07-13T03:28:03.896+00:00,live,42,2026-07-13 11:37:43,True,1,FORWARD,1,TRACTION,11,0,False,False,False,False,False,False,False,False,False,0,109.0,55 aa 55 aa 2e 00 16 00 ea 07 07 00 0d 00 0b 00 25 00 2b 00 01 00 e3 db 20 00 00 00 00 00 00 00 00 00 00 02 01 00 01 00 0b 00 00 00 00 00
2026-07-13T03:28:04.000+00:00,live,43,2026-07-13 11:37:43,True,1,FORWARD,0,COAST,0,0,False,False,False,False,False,False,False,False,False,0,94.0,55 aa 55 aa 2e 00 16 00 ea 07 07 00 0d 00 0b 00 25 00 2b 00 01 00 23 6c 20 00 00 00 00 00 00 00 00 00 00 02 01 00 00 00 00 00 00 00 00 00
2026-07-13T03:28:04.100+00:00,live,44,2026-07-13 11:37:43,True,1,FORWARD,0,COAST,0,0,False,False,False,False,False,False,False,False,False,0,109.0,55 aa 55 aa 2e 00 16 00 ea 07 07 00 0d 00 0b 00 25 00 2b 00 01 00 23 6c 20 00 00 00 00 00 00 00 00 00 00 02 01 00 00 00 00 00 00 00 00 00
2026-07-13T03:28:04.201+00:00,live,45,2026-07-13 11:37:43,True,1,FORWARD,0,COAST,0,0,False,False,False,False,False,False,False,False,False,0,94.0,55 aa 55 aa 2e 00 16 00 ea 07 07 00 0d 00 0b 00 25 00 2b 00 01 00 23 6c 20 00 00 00 00 00 00 00 00 00 00 02 01 00 00 00 00 00 00 00 00 00
2026-07-13T03:28:04.302+00:00,live,46,2026-07-13 11:37:43,True,1,FORWARD,2,BRAKE,0,40199,False,False,False,False,False,False,False,False,False,0,110.0,55 aa 55 aa 2e 00 16 00 ea 07 07 00 0d 00 0b 00 25 00 2b 00 01 00 32 2f 20 00 00 00 00 00 00 00 00 00 00 02 01 00 02 00 00 00 07 9d 00 00
2026-07-13T03:28:04.402+00:00,live,47,2026-07-13 11:37:43,True,1,FORWARD,2,BRAKE,0,40215,False,False,False,False,False,False,False,False,False,0,93.0,55 aa 55 aa 2e 00 16 00 ea 07 07 00 0d 00 0b 00 25 00 2b 00 01 00 36 ef 20 00 00 00 00 00 00 00 00 00 00 02 01 00 02 00 00 00 17 9d 00 00
2026-07-13T03:28:04.501+00:00,live,48,2026-07-13 11:37:43,True,1,FORWARD,2,BRAKE,0,40215,False,False,False,False,False,False,False,False,False,0,94.0,55 aa 55 aa 2e 00 16 00 ea 07 07 00 0d 00 0b 00 25 00 2b 00 01 00 36 ef 20 00 00 00 00 00 00 00 00 00 00 02 01 00 02 00 00 00 17 9d 00 00
2026-07-13T03:28:04.602+00:00,live,49,2026-07-13 11:37:44,True,1,FORWARD,2,BRAKE,0,40215,False,False,False,False,False,False,False,False,False,0,109.0,55 aa 55 aa 2e 00 16 00 ea 07 07 00 0d 00 0b 00 25 00 2c 00 01 00 36 ef 20 00 00 00 00 00 00 00 00 00 00 02 01 00 02 00 00 00 17 9d 00 00
2026-07-13T03:28:04.704+00:00,live,50,2026-07-13 11:37:44,True,1,FORWARD,2,BRAKE,0,40215,False,False,False,False,False,False,False,False,False,0,94.0,55 aa 55 aa 2e 00 16 00 ea 07 07 00 0d 00 0b 00 25 00 2c 00 01 00 36 ef 20 00 00 00 00 00 00 00 00 00 00 02 01 00 02 00 00 00 17 9d 00 00
2026-07-13T03:28:04.804+00:00,live,51,2026-07-13 11:37:44,True,1,FORWARD,2,BRAKE,0,40220,False,False,False,False,False,False,False,False,False,0,110.0,55 aa 55 aa 2e 00 16 00 ea 07 07 00 0d 00 0b 00 25 00 2c 00 01 00 34 cb 20 00 00 00 00 00 00 00 00 00 00 02 01 00 02 00 00 00 1c 9d 00 00
2026-07-13T03:28:04.905+00:00,live,52,2026-07-13 11:37:44,True,1,FORWARD,2,BRAKE,0,40226,False,False,False,False,False,False,False,False,False,0,93.0,55 aa 55 aa 2e 00 16 00 ea 07 07 00 0d 00 0b 00 25 00 2c 00 01 00 39 23 20 00 00 00 00 00 00 00 00 00 00 02 01 00 02 00 00 00 22 9d 00 00
2026-07-13T03:28:05.005+00:00,live,53,2026-07-13 11:37:44,True,1,FORWARD,2,BRAKE,0,40228,False,False,False,False,False,False,False,False,False,0,110.0,55 aa 55 aa 2e 00 16 00 ea 07 07 00 0d 00 0b 00 25 00 2c 00 01 00 39 ab 20 00 00 00 00 00 00 00 00 00 00 02 01 00 02 00 00 00 24 9d 00 00
2026-07-13T03:28:05.106+00:00,live,54,2026-07-13 11:37:44,True,1,FORWARD,2,BRAKE,0,40232,False,False,False,False,False,False,False,False,False,0,93.0,55 aa 55 aa 2e 00 16 00 ea 07 07 00 0d 00 0b 00 25 00 2c 00 01 00 3a fb 20 00 00 00 00 00 00 00 00 00 00 02 01 00 02 00 00 00 28 9d 00 00
2026-07-13T03:28:05.206+00:00,live,55,2026-07-13 11:37:44,True,1,FORWARD,2,BRAKE,0,40236,False,False,False,False,False,False,False,False,False,0,94.0,55 aa 55 aa 2e 00 16 00 ea 07 07 00 0d 00 0b 00 25 00 2c 00 01 00 3b cb 20 00 00 00 00 00 00 00 00 00 00 02 01 00 02 00 00 00 2c 9d 00 00
2026-07-13T03:28:05.307+00:00,live,56,2026-07-13 11:37:44,True,1,FORWARD,2,BRAKE,0,40237,False,False,False,False,False,False,False,False,False,0,110.0,55 aa 55 aa 2e 00 16 00 ea 07 07 00 0d 00 0b 00 25 00 2c 00 01 00 3a 37 20 00 00 00 00 00 00 00 00 00 00 02 01 00 02 00 00 00 2d 9d 00 00
2026-07-13T03:28:05.409+00:00,live,57,2026-07-13 11:37:44,True,1,FORWARD,2,BRAKE,0,40238,False,False,False,False,False,False,False,False,False,0,93.0,55 aa 55 aa 2e 00 16 00 ea 07 07 00 0d 00 0b 00 25 00 2c 00 01 00 3a 73 20 00 00 00 00 00 00 00 00 00 00 02 01 00 02 00 00 00 2e 9d 00 00
2026-07-13T03:28:05.507+00:00,live,58,2026-07-13 11:37:45,True,1,FORWARD,2,BRAKE,0,40240,False,False,False,False,False,False,False,False,False,0,110.0,55 aa 55 aa 2e 00 16 00 ea 07 07 00 0d 00 0b 00 25 00 2d 00 01 00 3c 5b 20 00 00 00 00 00 00 00 00 00 00 02 01 00 02 00 00 00 30 9d 00 00
2026-07-13T03:28:05.609+00:00,live,59,2026-07-13 11:37:45,True,1,FORWARD,2,BRAKE,0,40248,False,False,False,False,False,False,False,False,False,0,93.0,55 aa 55 aa 2e 00 16 00 ea 07 07 00 0d 00 0b 00 25 00 2d 00 01 00 3e 3b 20 00 00 00 00 00 00 00 00 00 00 02 01 00 02 00 00 00 38 9d 00 00
2026-07-13T03:28:05.695+00:00,live,60,2026-07-13 11:37:45,True,1,FORWARD,2,BRAKE,0,40252,False,False,False,False,False,False,False,False,False,0,94.0,55 aa 55 aa 2e 00 16 00 ea 07 07 00 0d 00 0b 00 25 00 2d 00 01 00 3f 0b 20 00 00 00 00 00 00 00 00 00 00 02 01 00 02 00 00 00 3c 9d 00 00
2026-07-13T03:28:05.804+00:00,live,61,2026-07-13 11:37:45,True,1,FORWARD,2,BRAKE,0,40252,False,False,False,False,False,False,False,False,False,0,110.0,55 aa 55 aa 2e 00 16 00 ea 07 07 00 0d 00 0b 00 25 00 2d 00 01 00 3f 0b 20 00 00 00 00 00 00 00 00 00 00 02 01 00 02 00 00 00 3c 9d 00 00
2026-07-13T03:28:05.911+00:00,live,62,2026-07-13 11:37:45,True,1,FORWARD,2,BRAKE,0,40253,False,False,False,False,False,False,False,False,False,0,109.0,55 aa 55 aa 2e 00 16 00 ea 07 07 00 0d 00 0b 00 25 00 2d 00 01 00 3e f7 20 00 00 00 00 00 00 00 00 00 00 02 01 00 02 00 00 00 3d 9d 00 00
2026-07-13T03:28:06.008+00:00,live,63,2026-07-13 11:37:45,True,1,FORWARD,2,BRAKE,0,40254,False,False,False,False,False,False,False,False,False,0,94.0,55 aa 55 aa 2e 00 16 00 ea 07 07 00 0d 00 0b 00 25 00 2d 00 01 00 3e b3 20 00 00 00 00 00 00 00 00 00 00 02 01 00 02 00 00 00 3e 9d 00 00
2026-07-13T03:28:06.112+00:00,live,64,2026-07-13 11:37:45,True,1,FORWARD,2,BRAKE,0,40256,False,False,False,False,False,False,False,False,False,0,93.0,55 aa 55 aa 2e 00 16 00 ea 07 07 00 0d 00 0b 00 25 00 2d 00 01 00 26 9b 20 00 00 00 00 00 00 00 00 00 00 02 01 00 02 00 00 00 40 9d 00 00
2026-07-13T03:28:06.203+00:00,live,65,2026-07-13 11:37:45,True,1,FORWARD,2,BRAKE,0,40258,False,False,False,False,False,False,False,False,False,0,94.0,55 aa 55 aa 2e 00 16 00 ea 07 07 00 0d 00 0b 00 25 00 2d 00 01 00 27 23 20 00 00 00 00 00 00 00 00 00 00 02 01 00 02 00 00 00 42 9d 00 00
2026-07-13T03:28:06.312+00:00,live,66,2026-07-13 11:37:45,True,1,FORWARD,2,BRAKE,0,40260,False,False,False,False,False,False,False,False,False,0,110.0,55 aa 55 aa 2e 00 16 00 ea 07 07 00 0d 00 0b 00 25 00 2d 00 01 00 27 ab 20 00 00 00 00 00 00 00 00 00 00 02 01 00 02 00 00 00 44 9d 00 00
2026-07-13T03:28:06.413+00:00,live,67,2026-07-13 11:37:45,True,1,FORWARD,2,BRAKE,0,40261,False,False,False,False,False,False,False,False,False,0,109.0,55 aa 55 aa 2e 00 16 00 ea 07 07 00 0d 00 0b 00 25 00 2d 00 01 00 26 57 20 00 00 00 00 00 00 00 00 00 00 02 01 00 02 00 00 00 45 9d 00 00
2026-07-13T03:28:06.509+00:00,live,68,2026-07-13 11:37:46,True,1,FORWARD,2,BRAKE,0,40262,False,False,False,False,False,False,False,False,False,0,94.0,55 aa 55 aa 2e 00 16 00 ea 07 07 00 0d 00 0b 00 25 00 2e 00 01 00 26 13 20 00 00 00 00 00 00 00 00 00 00 02 01 00 02 00 00 00 46 9d 00 00
2026-07-13T03:28:06.614+00:00,live,69,2026-07-13 11:37:46,True,1,FORWARD,2,BRAKE,0,40262,False,False,False,False,False,False,False,False,False,0,109.0,55 aa 55 aa 2e 00 16 00 ea 07 07 00 0d 00 0b 00 25 00 2e 00 01 00 26 13 20 00 00 00 00 00 00 00 00 00 00 02 01 00 02 00 00 00 46 9d 00 00
2026-07-13T03:28:06.705+00:00,live,70,2026-07-13 11:37:46,True,1,FORWARD,2,BRAKE,0,40262,False,False,False,False,False,False,False,False,False,0,78.0,55 aa 55 aa 2e 00 16 00 ea 07 07 00 0d 00 0b 00 25 00 2e 00 01 00 26 13 20 00 00 00 00 00 00 00 00 00 00 02 01 00 02 00 00 00 46 9d 00 00
2026-07-13T03:28:06.816+00:00,live,71,2026-07-13 11:37:46,True,1,FORWARD,2,BRAKE,0,40263,False,False,False,False,False,False,False,False,False,0,110.0,55 aa 55 aa 2e 00 16 00 ea 07 07 00 0d 00 0b 00 25 00 2e 00 01 00 27 ef 20 00 00 00 00 00 00 00 00 00 00 02 01 00 02 00 00 00 47 9d 00 00
2026-07-13T03:28:06.916+00:00,live,72,2026-07-13 11:37:46,True,1,FORWARD,2,BRAKE,0,40263,False,False,False,False,False,False,False,False,False,0,109.0,55 aa 55 aa 2e 00 16 00 ea 07 07 00 0d 00 0b 00 25 00 2e 00 01 00 27 ef 20 00 00 00 00 00 00 00 00 00 00 02 01 00 02 00 00 00 47 9d 00 00
2026-07-13T03:28:07.015+00:00,live,73,2026-07-13 11:37:46,True,1,FORWARD,2,BRAKE,0,40263,False,False,False,False,False,False,False,False,False,0,94.0,55 aa 55 aa 2e 00 16 00 ea 07 07 00 0d 00 0b 00 25 00 2e 00 01 00 27 ef 20 00 00 00 00 00 00 00 00 00 00 02 01 00 02 00 00 00 47 9d 00 00
2026-07-13T03:28:07.118+00:00,live,74,2026-07-13 11:37:46,True,1,FORWARD,2,BRAKE,0,40263,False,False,False,False,False,False,False,False,False,0,109.0,55 aa 55 aa 2e 00 16 00 ea 07 07 00 0d 00 0b 00 25 00 2e 00 01 00 27 ef 20 00 00 00 00 00 00 00 00 00 00 02 01 00 02 00 00 00 47 9d 00 00
2026-07-13T03:28:07.215+00:00,live,75,2026-07-13 11:37:46,True,1,FORWARD,2,BRAKE,0,40263,False,False,False,False,False,False,False,False,False,0,94.0,55 aa 55 aa 2e 00 16 00 ea 07 07 00 0d 00 0b 00 25 00 2e 00 01 00 27 ef 20 00 00 00 00 00 00 00 00 00 00 02 01 00 02 00 00 00 47 9d 00 00
2026-07-13T03:28:07.318+00:00,live,76,2026-07-13 11:37:46,True,1,FORWARD,2,BRAKE,0,40263,False,False,False,False,False,False,False,False,False,0,109.0,55 aa 55 aa 2e 00 16 00 ea 07 07 00 0d 00 0b 00 25 00 2e 00 01 00 27 ef 20 00 00 00 00 00 00 00 00 00 00 02 01 00 02 00 00 00 47 9d 00 00
2026-07-13T03:28:07.419+00:00,live,77,2026-07-13 11:37:46,True,1,FORWARD,2,BRAKE,0,40263,False,False,False,False,False,False,False,False,False,0,94.0,55 aa 55 aa 2e 00 16 00 ea 07 07 00 0d 00 0b 00 25 00 2e 00 01 00 27 ef 20 00 00 00 00 00 00 00 00 00 00 02 01 00 02 00 00 00 47 9d 00 00
2026-07-13T03:28:07.514+00:00,live,78,2026-07-13 11:37:47,True,1,FORWARD,2,BRAKE,0,40263,False,False,False,False,False,False,False,False,False,0,94.0,55 aa 55 aa 2e 00 16 00 ea 07 07 00 0d 00 0b 00 25 00 2f 00 01 00 27 ef 20 00 00 00 00 00 00 00 00 00 00 02 01 00 02 00 00 00 47 9d 00 00
2026-07-13T03:28:07.615+00:00,live,79,2026-07-13 11:37:47,True,1,FORWARD,2,BRAKE,0,40263,False,False,False,False,False,False,False,False,False,0,109.0,55 aa 55 aa 2e 00 16 00 ea 07 07 00 0d 00 0b 00 25 00 2f 00 01 00 27 ef 20 00 00 00 00 00 00 00 00 00 00 02 01 00 02 00 00 00 47 9d 00 00
2026-07-13T03:28:07.720+00:00,live,80,2026-07-13 11:37:47,True,1,FORWARD,2,BRAKE,0,40263,False,False,False,False,False,False,False,False,False,0,94.0,55 aa 55 aa 2e 00 16 00 ea 07 07 00 0d 00 0b 00 25 00 2f 00 01 00 27 ef 20 00 00 00 00 00 00 00 00 00 00 02 01 00 02 00 00 00 47 9d 00 00
2026-07-13T03:28:07.811+00:00,live,81,2026-07-13 11:37:47,True,1,FORWARD,2,BRAKE,0,40263,False,False,False,False,False,False,False,False,False,0,94.0,55 aa 55 aa 2e 00 16 00 ea 07 07 00 0d 00 0b 00 25 00 2f 00 01 00 27 ef 20 00 00 00 00 00 00 00 00 00 00 02 01 00 02 00 00 00 47 9d 00 00
2026-07-13T03:28:07.920+00:00,live,82,2026-07-13 11:37:47,True,1,FORWARD,2,BRAKE,0,40262,False,False,False,False,False,False,False,False,False,0,109.0,55 aa 55 aa 2e 00 16 00 ea 07 07 00 0d 00 0b 00 25 00 2f 00 01 00 26 13 20 00 00 00 00 00 00 00 00 00 00 02 01 00 02 00 00 00 46 9d 00 00
2026-07-13T03:28:08.022+00:00,live,83,2026-07-13 11:37:47,True,1,FORWARD,2,BRAKE,0,40239,False,False,False,False,False,False,False,False,False,0,109.0,55 aa 55 aa 2e 00 16 00 ea 07 07 00 0d 00 0b 00 25 00 2f 00 01 00 3b 8f 20 00 00 00 00 00 00 00 00 00 00 02 01 00 02 00 00 00 2f 9d 00 00
2026-07-13T03:28:08.124+00:00,live,84,2026-07-13 11:37:47,True,1,FORWARD,2,BRAKE,0,40227,False,False,False,False,False,False,False,False,False,0,94.0,55 aa 55 aa 2e 00 16 00 ea 07 07 00 0d 00 0b 00 25 00 2f 00 01 00 38 df 20 00 00 00 00 00 00 00 00 00 00 02 01 00 02 00 00 00 23 9d 00 00
2026-07-13T03:28:08.223+00:00,live,85,2026-07-13 11:37:47,True,1,FORWARD,2,BRAKE,0,40216,False,False,False,False,False,False,False,False,False,0,109.0,55 aa 55 aa 2e 00 16 00 ea 07 07 00 0d 00 0b 00 25 00 2f 00 01 00 35 fb 20 00 00 00 00 00 00 00 00 00 00 02 01 00 02 00 00 00 18 9d 00 00
2026-07-13T03:28:08.323+00:00,live,86,2026-07-13 11:37:47,True,1,FORWARD,2,BRAKE,0,40204,False,False,False,False,False,False,False,False,False,0,94.0,55 aa 55 aa 2e 00 16 00 ea 07 07 00 0d 00 0b 00 25 00 2f 00 01 00 30 0b 20 00 00 00 00 00 00 00 00 00 00 02 01 00 02 00 00 00 0c 9d 00 00
2026-07-13T03:28:08.415+00:00,live,87,2026-07-13 11:37:47,True,1,FORWARD,0,COAST,0,0,False,False,False,False,False,False,False,False,False,0,94.0,55 aa 55 aa 2e 00 16 00 ea 07 07 00 0d 00 0b 00 25 00 2f 00 01 00 23 6c 20 00 00 00 00 00 00 00 00 00 00 02 01 00 00 00 00 00 00 00 00 00
2026-07-13T03:28:08.516+00:00,live,88,2026-07-13 11:37:48,True,1,FORWARD,0,COAST,0,0,False,False,False,False,False,False,False,False,False,0,94.0,55 aa 55 aa 2e 00 16 00 ea 07 07 00 0d 00 0b 00 25 00 30 00 01 00 23 6c 20 00 00 00 00 00 00 00 00 00 00 02 01 00 00 00 00 00 00 00 00 00
2026-07-13T03:28:08.626+00:00,live,89,2026-07-13 11:37:48,True,1,FORWARD,0,COAST,0,0,False,False,False,False,False,False,False,False,False,0,109.0,55 aa 55 aa 2e 00 16 00 ea 07 07 00 0d 00 0b 00 25 00 30 00 01 00 23 6c 20 00 00 00 00 00 00 00 00 00 00 02 01 00 00 00 00 00 00 00 00 00
2026-07-13T03:28:08.721+00:00,live,90,2026-07-13 11:37:48,True,1,FORWARD,0,COAST,0,0,False,False,False,False,False,False,False,False,False,0,94.0,55 aa 55 aa 2e 00 16 00 ea 07 07 00 0d 00 0b 00 25 00 30 00 01 00 23 6c 20 00 00 00 00 00 00 00 00 00 00 02 01 00 00 00 00 00 00 00 00 00
2026-07-13T03:28:08.828+00:00,live,91,2026-07-13 11:37:48,True,1,FORWARD,0,COAST,0,0,False,False,False,False,False,False,False,False,False,0,109.0,55 aa 55 aa 2e 00 16 00 ea 07 07 00 0d 00 0b 00 25 00 30 00 01 00 23 6c 20 00 00 00 00 00 00 00 00 00 00 02 01 00 00 00 00 00 00 00 00 00
2026-07-13T03:28:08.922+00:00,live,92,2026-07-13 11:37:48,True,1,FORWARD,0,COAST,0,0,False,False,False,False,False,False,False,False,False,0,94.0,55 aa 55 aa 2e 00 16 00 ea 07 07 00 0d 00 0b 00 25 00 30 00 01 00 23 6c 20 00 00 00 00 00 00 00 00 00 00 02 01 00 00 00 00 00 00 00 00 00
2026-07-13T03:28:09.021+00:00,live,93,2026-07-13 11:37:48,True,1,FORWARD,0,COAST,0,0,False,False,False,False,False,False,False,False,False,0,109.0,55 aa 55 aa 2e 00 16 00 ea 07 07 00 0d 00 0b 00 25 00 30 00 01 00 23 6c 20 00 00 00 00 00 00 00 00 00 00 02 01 00 00 00 00 00 00 00 00 00
2026-07-13T03:28:09.130+00:00,live,94,2026-07-13 11:37:48,True,1,FORWARD,0,COAST,0,0,False,False,False,False,False,False,False,False,False,0,110.0,55 aa 55 aa 2e 00 16 00 ea 07 07 00 0d 00 0b 00 25 00 30 00 01 00 23 6c 20 00 00 00 00 00 00 00 00 00 00 02 01 00 00 00 00 00 00 00 00 00
2026-07-13T03:28:09.228+00:00,live,95,2026-07-13 11:37:48,True,1,FORWARD,0,COAST,0,0,False,False,False,False,False,False,False,False,False,0,93.0,55 aa 55 aa 2e 00 16 00 ea 07 07 00 0d 00 0b 00 25 00 30 00 01 00 23 6c 20 00 00 00 00 00 00 00 00 00 00 02 01 00 00 00 00 00 00 00 00 00
2026-07-13T03:28:09.328+00:00,live,96,2026-07-13 11:37:48,True,0,ZERO,0,COAST,0,0,False,False,False,False,False,False,False,False,False,0,94.0,55 aa 55 aa 2e 00 16 00 ea 07 07 00 0d 00 0b 00 25 00 30 00 01 00 72 a9 20 00 00 00 00 00 00 00 00 00 00 02 00 00 00 00 00 00 00 00 00 00
2026-07-13T03:28:09.421+00:00,live,97,2026-07-13 11:37:48,True,0,ZERO,0,COAST,0,0,False,False,False,False,False,False,False,False,False,0,94.0,55 aa 55 aa 2e 00 16 00 ea 07 07 00 0d 00 0b 00 25 00 30 00 01 00 72 a9 20 00 00 00 00 00 00 00 00 00 00 02 00 00 00 00 00 00 00 00 00 00
2026-07-13T03:28:09.532+00:00,live,98,2026-07-13 11:37:49,True,2,REVERSE,0,COAST,0,0,False,False,False,False,False,False,False,False,False,0,109.0,55 aa 55 aa 2e 00 16 00 ea 07 07 00 0d 00 0b 00 25 00 31 00 01 00 d3 63 20 00 00 00 00 00 00 00 00 00 00 02 02 00 00 00 00 00 00 00 00 00
2026-07-13T03:28:09.634+00:00,live,99,2026-07-13 11:37:49,True,2,REVERSE,0,COAST,0,0,False,False,False,False,False,False,False,False,False,0,110.0,55 aa 55 aa 2e 00 16 00 ea 07 07 00 0d 00 0b 00 25 00 31 00 01 00 d3 63 20 00 00 00 00 00 00 00 00 00 00 02 02 00 00 00 00 00 00 00 00 00
2026-07-13T03:28:09.728+00:00,live,100,2026-07-13 11:37:49,True,2,REVERSE,0,COAST,0,0,False,False,False,False,False,False,False,False,False,0,93.0,55 aa 55 aa 2e 00 16 00 ea 07 07 00 0d 00 0b 00 25 00 31 00 01 00 d3 63 20 00 00 00 00 00 00 00 00 00 00 02 02 00 00 00 00 00 00 00 00 00
2026-07-13T03:28:09.832+00:00,live,101,2026-07-13 11:37:49,True,2,REVERSE,0,COAST,0,0,False,False,False,False,False,False,False,False,False,0,94.0,55 aa 55 aa 2e 00 16 00 ea 07 07 00 0d 00 0b 00 25 00 31 00 01 00 d3 63 20 00 00 00 00 00 00 00 00 00 00 02 02 00 00 00 00 00 00 00 00 00
2026-07-13T03:28:09.935+00:00,live,102,2026-07-13 11:37:49,True,2,REVERSE,0,COAST,0,0,False,False,False,False,False,False,False,False,False,0,110.0,55 aa 55 aa 2e 00 16 00 ea 07 07 00 0d 00 0b 00 25 00 31 00 01 00 d3 63 20 00 00 00 00 00 00 00 00 00 00 02 02 00 00 00 00 00 00 00 00 00
2026-07-13T03:28:10.036+00:00,live,103,2026-07-13 11:37:49,True,2,REVERSE,0,COAST,0,0,False,False,False,False,False,False,False,False,False,0,109.0,55 aa 55 aa 2e 00 16 00 ea 07 07 00 0d 00 0b 00 25 00 31 00 01 00 d3 63 20 00 00 00 00 00 00 00 00 00 00 02 02 00 00 00 00 00 00 00 00 00
2026-07-13T03:28:10.136+00:00,live,104,2026-07-13 11:37:49,True,2,REVERSE,0,COAST,0,0,False,False,False,False,False,False,False,False,False,0,94.0,55 aa 55 aa 2e 00 16 00 ea 07 07 00 0d 00 0b 00 25 00 31 00 01 00 d3 63 20 00 00 00 00 00 00 00 00 00 00 02 02 00 00 00 00 00 00 00 00 00
2026-07-13T03:28:10.232+00:00,live,105,2026-07-13 11:37:49,True,2,REVERSE,0,COAST,0,0,False,False,False,False,False,False,False,False,False,0,93.0,55 aa 55 aa 2e 00 16 00 ea 07 07 00 0d 00 0b 00 25 00 31 00 01 00 d3 63 20 00 00 00 00 00 00 00 00 00 00 02 02 00 00 00 00 00 00 00 00 00
2026-07-13T03:28:10.338+00:00,live,106,2026-07-13 11:37:49,True,2,REVERSE,0,COAST,0,0,False,False,False,False,False,False,False,False,False,0,110.0,55 aa 55 aa 2e 00 16 00 ea 07 07 00 0d 00 0b 00 25 00 31 00 01 00 d3 63 20 00 00 00 00 00 00 00 00 00 00 02 02 00 00 00 00 00 00 00 00 00
2026-07-13T03:28:10.438+00:00,live,107,2026-07-13 11:37:49,True,2,REVERSE,0,COAST,0,0,False,False,False,False,False,False,False,False,False,0,94.0,55 aa 55 aa 2e 00 16 00 ea 07 07 00 0d 00 0b 00 25 00 31 00 01 00 d3 63 20 00 00 00 00 00 00 00 00 00 00 02 02 00 00 00 00 00 00 00 00 00
2026-07-13T03:28:10.539+00:00,live,108,2026-07-13 11:37:50,True,2,REVERSE,0,COAST,0,0,False,False,False,False,False,False,False,False,False,0,109.0,55 aa 55 aa 2e 00 16 00 ea 07 07 00 0d 00 0b 00 25 00 32 00 01 00 d3 63 20 00 00 00 00 00 00 00 00 00 00 02 02 00 00 00 00 00 00 00 00 00
2026-07-13T03:28:10.639+00:00,live,109,2026-07-13 11:37:50,True,2,REVERSE,0,COAST,0,0,False,False,False,False,False,False,False,False,False,0,94.0,55 aa 55 aa 2e 00 16 00 ea 07 07 00 0d 00 0b 00 25 00 32 00 01 00 d3 63 20 00 00 00 00 00 00 00 00 00 00 02 02 00 00 00 00 00 00 00 00 00
2026-07-13T03:28:10.740+00:00,live,110,2026-07-13 11:37:50,True,2,REVERSE,0,COAST,0,0,False,False,False,False,False,False,False,False,False,0,109.0,55 aa 55 aa 2e 00 16 00 ea 07 07 00 0d 00 0b 00 25 00 32 00 01 00 d3 63 20 00 00 00 00 00 00 00 00 00 00 02 02 00 00 00 00 00 00 00 00 00
2026-07-13T03:28:10.840+00:00,live,111,2026-07-13 11:37:50,True,2,REVERSE,2,BRAKE,0,40199,False,False,False,False,False,False,False,False,False,0,94.0,55 aa 55 aa 2e 00 16 00 ea 07 07 00 0d 00 0b 00 25 00 32 00 01 00 c2 20 20 00 00 00 00 00 00 00 00 00 00 02 02 00 02 00 00 00 07 9d 00 00
2026-07-13T03:28:10.941+00:00,live,112,2026-07-13 11:37:50,True,2,REVERSE,2,BRAKE,0,40216,False,False,False,False,False,False,False,False,False,0,94.0,55 aa 55 aa 2e 00 16 00 ea 07 07 00 0d 00 0b 00 25 00 32 00 01 00 c5 f4 20 00 00 00 00 00 00 00 00 00 00 02 02 00 02 00 00 00 18 9d 00 00
2026-07-13T03:28:11.040+00:00,live,113,2026-07-13 11:37:50,True,2,REVERSE,2,BRAKE,0,40222,False,False,False,False,False,False,False,False,False,0,109.0,55 aa 55 aa 2e 00 16 00 ea 07 07 00 0d 00 0b 00 25 00 32 00 01 00 c5 7c 20 00 00 00 00 00 00 00 00 00 00 02 02 00 02 00 00 00 1e 9d 00 00
2026-07-13T03:28:11.142+00:00,live,114,2026-07-13 11:37:50,True,2,REVERSE,2,BRAKE,0,40226,False,False,False,False,False,False,False,False,False,0,94.0,55 aa 55 aa 2e 00 16 00 ea 07 07 00 0d 00 0b 00 25 00 32 00 01 00 c9 2c 20 00 00 00 00 00 00 00 00 00 00 02 02 00 02 00 00 00 22 9d 00 00
2026-07-13T03:28:11.242+00:00,live,115,2026-07-13 11:37:50,True,2,REVERSE,2,BRAKE,0,40233,False,False,False,False,False,False,False,False,False,0,109.0,55 aa 55 aa 2e 00 16 00 ea 07 07 00 0d 00 0b 00 25 00 32 00 01 00 cb 08 20 00 00 00 00 00 00 00 00 00 00 02 02 00 02 00 00 00 29 9d 00 00
2026-07-13T03:28:11.344+00:00,live,116,2026-07-13 11:37:50,True,2,REVERSE,2,BRAKE,0,40237,False,False,False,False,False,False,False,False,False,0,94.0,55 aa 55 aa 2e 00 16 00 ea 07 07 00 0d 00 0b 00 25 00 32 00 01 00 ca 38 20 00 00 00 00 00 00 00 00 00 00 02 02 00 02 00 00 00 2d 9d 00 00
2026-07-13T03:28:11.443+00:00,live,117,2026-07-13 11:37:50,True,2,REVERSE,2,BRAKE,0,40242,False,False,False,False,False,False,False,False,False,0,109.0,55 aa 55 aa 2e 00 16 00 ea 07 07 00 0d 00 0b 00 25 00 32 00 01 00 cd ec 20 00 00 00 00 00 00 00 00 00 00 02 02 00 02 00 00 00 32 9d 00 00
2026-07-13T03:28:11.545+00:00,live,118,2026-07-13 11:37:51,True,2,REVERSE,2,BRAKE,0,40251,False,False,False,False,False,False,False,False,False,0,94.0,55 aa 55 aa 2e 00 16 00 ea 07 07 00 0d 00 0b 00 25 00 33 00 01 00 ce 70 20 00 00 00 00 00 00 00 00 00 00 02 02 00 02 00 00 00 3b 9d 00 00
2026-07-13T03:28:11.646+00:00,live,119,2026-07-13 11:37:51,True,2,REVERSE,2,BRAKE,0,40253,False,False,False,False,False,False,False,False,False,0,109.0,55 aa 55 aa 2e 00 16 00 ea 07 07 00 0d 00 0b 00 25 00 33 00 01 00 ce f8 20 00 00 00 00 00 00 00 00 00 00 02 02 00 02 00 00 00 3d 9d 00 00
2026-07-13T03:28:11.746+00:00,live,120,2026-07-13 11:37:51,True,2,REVERSE,2,BRAKE,0,40255,False,False,False,False,False,False,False,False,False,0,94.0,55 aa 55 aa 2e 00 16 00 ea 07 07 00 0d 00 0b 00 25 00 33 00 01 00 cf 40 20 00 00 00 00 00 00 00 00 00 00 02 02 00 02 00 00 00 3f 9d 00 00
2026-07-13T03:28:11.847+00:00,live,121,2026-07-13 11:37:51,True,2,REVERSE,2,BRAKE,0,40262,False,False,False,False,False,False,False,False,False,0,94.0,55 aa 55 aa 2e 00 16 00 ea 07 07 00 0d 00 0b 00 25 00 33 00 01 00 d6 1c 20 00 00 00 00 00 00 00 00 00 00 02 02 00 02 00 00 00 46 9d 00 00
2026-07-13T03:28:11.947+00:00,live,122,2026-07-13 11:37:51,True,2,REVERSE,2,BRAKE,0,40263,False,False,False,False,False,False,False,False,False,0,109.0,55 aa 55 aa 2e 00 16 00 ea 07 07 00 0d 00 0b 00 25 00 33 00 01 00 d7 e0 20 00 00 00 00 00 00 00 00 00 00 02 02 00 02 00 00 00 47 9d 00 00
2026-07-13T03:28:12.047+00:00,live,123,2026-07-13 11:37:51,True,2,REVERSE,2,BRAKE,0,40263,False,False,False,False,False,False,False,False,False,0,94.0,55 aa 55 aa 2e 00 16 00 ea 07 07 00 0d 00 0b 00 25 00 33 00 01 00 d7 e0 20 00 00 00 00 00 00 00 00 00 00 02 02 00 02 00 00 00 47 9d 00 00
2026-07-13T03:28:12.149+00:00,live,124,2026-07-13 11:37:51,True,2,REVERSE,2,BRAKE,0,40264,False,False,False,False,False,False,False,False,False,0,109.0,55 aa 55 aa 2e 00 16 00 ea 07 07 00 0d 00 0b 00 25 00 33 00 01 00 d4 f4 20 00 00 00 00 00 00 00 00 00 00 02 02 00 02 00 00 00 48 9d 00 00
2026-07-13T03:28:12.249+00:00,live,125,2026-07-13 11:37:51,True,2,REVERSE,2,BRAKE,0,40266,False,False,False,False,False,False,False,False,False,0,94.0,55 aa 55 aa 2e 00 16 00 ea 07 07 00 0d 00 0b 00 25 00 33 00 01 00 d5 4c 20 00 00 00 00 00 00 00 00 00 00 02 02 00 02 00 00 00 4a 9d 00 00
2026-07-13T03:28:12.348+00:00,live,126,2026-07-13 11:37:51,True,2,REVERSE,2,BRAKE,0,40267,False,False,False,False,False,False,False,False,False,0,109.0,55 aa 55 aa 2e 00 16 00 ea 07 07 00 0d 00 0b 00 25 00 33 00 01 00 d4 b0 20 00 00 00 00 00 00 00 00 00 00 02 02 00 02 00 00 00 4b 9d 00 00
2026-07-13T03:28:12.449+00:00,live,127,2026-07-13 11:37:51,True,2,REVERSE,2,BRAKE,0,40271,False,False,False,False,False,False,False,False,False,0,94.0,55 aa 55 aa 2e 00 16 00 ea 07 07 00 0d 00 0b 00 25 00 33 00 01 00 d5 80 20 00 00 00 00 00 00 00 00 00 00 02 02 00 02 00 00 00 4f 9d 00 00
2026-07-13T03:28:12.617+00:00,live,128,2026-07-13 11:37:52,True,2,REVERSE,2,BRAKE,0,40278,False,False,False,False,False,False,False,False,False,0,172.0,55 aa 55 aa 2e 00 16 00 ea 07 07 00 0d 00 0b 00 25 00 34 00 01 00 d2 dc 20 00 00 00 00 00 00 00 00 00 00 02 02 00 02 00 00 00 56 9d 00 00
2026-07-13T03:28:12.649+00:00,live,129,2026-07-13 11:37:52,True,2,REVERSE,2,BRAKE,0,40278,False,False,False,False,False,False,False,False,False,0,31.0,55 aa 55 aa 2e 00 16 00 ea 07 07 00 0d 00 0b 00 25 00 34 00 01 00 d2 dc 20 00 00 00 00 00 00 00 00 00 00 02 02 00 02 00 00 00 56 9d 00 00
2026-07-13T03:28:12.752+00:00,live,130,2026-07-13 11:37:52,True,2,REVERSE,2,BRAKE,0,40278,False,False,False,False,False,False,False,False,False,0,94.0,55 aa 55 aa 2e 00 16 00 ea 07 07 00 0d 00 0b 00 25 00 34 00 01 00 d2 dc 20 00 00 00 00 00 00 00 00 00 00 02 02 00 02 00 00 00 56 9d 00 00
2026-07-13T03:28:12.853+00:00,live,131,2026-07-13 11:37:52,True,2,REVERSE,2,BRAKE,0,40278,False,False,False,False,False,False,False,False,False,0,109.0,55 aa 55 aa 2e 00 16 00 ea 07 07 00 0d 00 0b 00 25 00 34 00 01 00 d2 dc 20 00 00 00 00 00 00 00 00 00 00 02 02 00 02 00 00 00 56 9d 00 00
2026-07-13T03:28:12.954+00:00,live,132,2026-07-13 11:37:52,True,2,REVERSE,2,BRAKE,0,40278,False,False,False,False,False,False,False,False,False,0,94.0,55 aa 55 aa 2e 00 16 00 ea 07 07 00 0d 00 0b 00 25 00 34 00 01 00 d2 dc 20 00 00 00 00 00 00 00 00 00 00 02 02 00 02 00 00 00 56 9d 00 00
2026-07-13T03:28:13.047+00:00,live,133,2026-07-13 11:37:52,True,2,REVERSE,2,BRAKE,0,40278,False,False,False,False,False,False,False,False,False,0,94.0,55 aa 55 aa 2e 00 16 00 ea 07 07 00 0d 00 0b 00 25 00 34 00 01 00 d2 dc 20 00 00 00 00 00 00 00 00 00 00 02 02 00 02 00 00 00 56 9d 00 00
2026-07-13T03:28:13.145+00:00,live,134,2026-07-13 11:37:52,True,2,REVERSE,2,BRAKE,0,40251,False,False,False,False,False,False,False,False,False,0,109.0,55 aa 55 aa 2e 00 16 00 ea 07 07 00 0d 00 0b 00 25 00 34 00 01 00 ce 70 20 00 00 00 00 00 00 00 00 00 00 02 02 00 02 00 00 00 3b 9d 00 00
2026-07-13T03:28:13.256+00:00,live,135,2026-07-13 11:37:52,True,2,REVERSE,2,BRAKE,0,40247,False,False,False,False,False,False,False,False,False,0,110.0,55 aa 55 aa 2e 00 16 00 ea 07 07 00 0d 00 0b 00 25 00 34 00 01 00 cd 20 20 00 00 00 00 00 00 00 00 00 00 02 02 00 02 00 00 00 37 9d 00 00
2026-07-13T03:28:13.343+00:00,live,136,2026-07-13 11:37:52,True,2,REVERSE,2,BRAKE,0,40247,False,False,False,False,False,False,False,False,False,0,78.0,55 aa 55 aa 2e 00 16 00 ea 07 07 00 0d 00 0b 00 25 00 34 00 01 00 cd 20 20 00 00 00 00 00 00 00 00 00 00 02 02 00 02 00 00 00 37 9d 00 00
2026-07-13T03:28:13.456+00:00,live,137,2026-07-13 11:37:52,True,2,REVERSE,2,BRAKE,0,40247,False,False,False,False,False,False,False,False,False,0,109.0,55 aa 55 aa 2e 00 16 00 ea 07 07 00 0d 00 0b 00 25 00 34 00 01 00 cd 20 20 00 00 00 00 00 00 00 00 00 00 02 02 00 02 00 00 00 37 9d 00 00
2026-07-13T03:28:13.558+00:00,live,138,2026-07-13 11:37:53,True,2,REVERSE,2,BRAKE,0,40247,False,False,False,False,False,False,False,False,False,0,110.0,55 aa 55 aa 2e 00 16 00 ea 07 07 00 0d 00 0b 00 25 00 35 00 01 00 cd 20 20 00 00 00 00 00 00 00 00 00 00 02 02 00 02 00 00 00 37 9d 00 00
2026-07-13T03:28:13.658+00:00,live,139,2026-07-13 11:37:53,True,2,REVERSE,2,BRAKE,0,40247,False,False,False,False,False,False,False,False,False,0,93.0,55 aa 55 aa 2e 00 16 00 ea 07 07 00 0d 00 0b 00 25 00 35 00 01 00 cd 20 20 00 00 00 00 00 00 00 00 00 00 02 02 00 02 00 00 00 37 9d 00 00
2026-07-13T03:28:13.759+00:00,live,140,2026-07-13 11:37:53,True,2,REVERSE,2,BRAKE,0,40247,False,False,False,False,False,False,False,False,False,0,110.0,55 aa 55 aa 2e 00 16 00 ea 07 07 00 0d 00 0b 00 25 00 35 00 01 00 cd 20 20 00 00 00 00 00 00 00 00 00 00 02 02 00 02 00 00 00 37 9d 00 00
2026-07-13T03:28:13.857+00:00,live,141,2026-07-13 11:37:53,True,2,REVERSE,2,BRAKE,0,40247,False,False,False,False,False,False,False,False,False,0,93.0,55 aa 55 aa 2e 00 16 00 ea 07 07 00 0d 00 0b 00 25 00 35 00 01 00 cd 20 20 00 00 00 00 00 00 00 00 00 00 02 02 00 02 00 00 00 37 9d 00 00
2026-07-13T03:28:13.960+00:00,live,142,2026-07-13 11:37:53,True,2,REVERSE,2,BRAKE,0,40246,False,False,False,False,False,False,False,False,False,0,110.0,55 aa 55 aa 2e 00 16 00 ea 07 07 00 0d 00 0b 00 25 00 35 00 01 00 cc dc 20 00 00 00 00 00 00 00 00 00 00 02 02 00 02 00 00 00 36 9d 00 00
2026-07-13T03:28:14.057+00:00,live,143,2026-07-13 11:37:53,True,2,REVERSE,2,BRAKE,0,40242,False,False,False,False,False,False,False,False,False,0,94.0,55 aa 55 aa 2e 00 16 00 ea 07 07 00 0d 00 0b 00 25 00 35 00 01 00 cd ec 20 00 00 00 00 00 00 00 00 00 00 02 02 00 02 00 00 00 32 9d 00 00
2026-07-13T03:28:14.161+00:00,live,144,2026-07-13 11:37:53,True,2,REVERSE,2,BRAKE,0,40239,False,False,False,False,False,False,False,False,False,0,109.0,55 aa 55 aa 2e 00 16 00 ea 07 07 00 0d 00 0b 00 25 00 35 00 01 00 cb 80 20 00 00 00 00 00 00 00 00 00 00 02 02 00 02 00 00 00 2f 9d 00 00
2026-07-13T03:28:14.262+00:00,live,145,2026-07-13 11:37:53,True,2,REVERSE,2,BRAKE,0,40239,False,False,False,False,False,False,False,False,False,0,94.0,55 aa 55 aa 2e 00 16 00 ea 07 07 00 0d 00 0b 00 25 00 35 00 01 00 cb 80 20 00 00 00 00 00 00 00 00 00 00 02 02 00 02 00 00 00 2f 9d 00 00
2026-07-13T03:28:14.361+00:00,live,146,2026-07-13 11:37:53,True,2,REVERSE,2,BRAKE,0,40237,False,False,False,False,False,False,False,False,False,0,93.0,55 aa 55 aa 2e 00 16 00 ea 07 07 00 0d 00 0b 00 25 00 35 00 01 00 ca 38 20 00 00 00 00 00 00 00 00 00 00 02 02 00 02 00 00 00 2d 9d 00 00
2026-07-13T03:28:14.463+00:00,live,147,2026-07-13 11:37:53,True,2,REVERSE,2,BRAKE,0,40233,False,False,False,False,False,False,False,False,False,0,110.0,55 aa 55 aa 2e 00 16 00 ea 07 07 00 0d 00 0b 00 25 00 35 00 01 00 cb 08 20 00 00 00 00 00 00 00 00 00 00 02 02 00 02 00 00 00 29 9d 00 00
2026-07-13T03:28:14.564+00:00,live,148,2026-07-13 11:37:54,True,2,REVERSE,2,BRAKE,0,40230,False,False,False,False,False,False,False,False,False,0,94.0,55 aa 55 aa 2e 00 16 00 ea 07 07 00 0d 00 0b 00 25 00 36 00 01 00 c8 1c 20 00 00 00 00 00 00 00 00 00 00 02 02 00 02 00 00 00 26 9d 00 00
2026-07-13T03:28:14.666+00:00,live,149,2026-07-13 11:37:54,True,2,REVERSE,2,BRAKE,0,40223,False,False,False,False,False,False,False,False,False,0,109.0,55 aa 55 aa 2e 00 16 00 ea 07 07 00 0d 00 0b 00 25 00 36 00 01 00 c4 80 20 00 00 00 00 00 00 00 00 00 00 02 02 00 02 00 00 00 1f 9d 00 00
2026-07-13T03:28:14.764+00:00,live,150,2026-07-13 11:37:54,True,2,REVERSE,2,BRAKE,0,40220,False,False,False,False,False,False,False,False,False,0,94.0,55 aa 55 aa 2e 00 16 00 ea 07 07 00 0d 00 0b 00 25 00 36 00 01 00 c4 c4 20 00 00 00 00 00 00 00 00 00 00 02 02 00 02 00 00 00 1c 9d 00 00
2026-07-13T03:28:14.865+00:00,live,151,2026-07-13 11:37:54,True,2,REVERSE,2,BRAKE,0,40220,False,False,False,False,False,False,False,False,False,0,109.0,55 aa 55 aa 2e 00 16 00 ea 07 07 00 0d 00 0b 00 25 00 36 00 01 00 c4 c4 20 00 00 00 00 00 00 00 00 00 00 02 02 00 02 00 00 00 1c 9d 00 00
2026-07-13T03:28:14.966+00:00,live,152,2026-07-13 11:37:54,True,2,REVERSE,2,BRAKE,0,40218,False,False,False,False,False,False,False,False,False,0,94.0,55 aa 55 aa 2e 00 16 00 ea 07 07 00 0d 00 0b 00 25 00 36 00 01 00 c4 4c 20 00 00 00 00 00 00 00 00 00 00 02 02 00 02 00 00 00 1a 9d 00 00
2026-07-13T03:28:15.064+00:00,live,153,2026-07-13 11:37:54,True,2,REVERSE,2,BRAKE,0,40212,False,False,False,False,False,False,False,False,False,0,94.0,55 aa 55 aa 2e 00 16 00 ea 07 07 00 0d 00 0b 00 25 00 36 00 01 00 c6 a4 20 00 00 00 00 00 00 00 00 00 00 02 02 00 02 00 00 00 14 9d 00 00
2026-07-13T03:28:15.168+00:00,live,154,2026-07-13 11:37:54,True,2,REVERSE,2,BRAKE,0,40208,False,False,False,False,False,False,False,False,False,0,109.0,55 aa 55 aa 2e 00 16 00 ea 07 07 00 0d 00 0b 00 25 00 36 00 01 00 c7 94 20 00 00 00 00 00 00 00 00 00 00 02 02 00 02 00 00 00 10 9d 00 00
2026-07-13T03:28:15.268+00:00,live,155,2026-07-13 11:37:54,True,2,REVERSE,2,BRAKE,0,40206,False,False,False,False,False,False,False,False,False,0,94.0,55 aa 55 aa 2e 00 16 00 ea 07 07 00 0d 00 0b 00 25 00 36 00 01 00 c1 bc 20 00 00 00 00 00 00 00 00 00 00 02 02 00 02 00 00 00 0e 9d 00 00
2026-07-13T03:28:15.367+00:00,live,156,2026-07-13 11:37:54,True,2,REVERSE,2,BRAKE,0,40198,False,False,False,False,False,False,False,False,False,0,109.0,55 aa 55 aa 2e 00 16 00 ea 07 07 00 0d 00 0b 00 25 00 36 00 01 00 c3 dc 20 00 00 00 00 00 00 00 00 00 00 02 02 00 02 00 00 00 06 9d 00 00
2026-07-13T03:28:15.470+00:00,live,157,2026-07-13 11:37:54,True,2,REVERSE,0,COAST,0,0,False,False,False,False,False,False,False,False,False,0,94.0,55 aa 55 aa 2e 00 16 00 ea 07 07 00 0d 00 0b 00 25 00 36 00 01 00 d3 63 20 00 00 00 00 00 00 00 00 00 00 02 02 00 00 00 00 00 00 00 00 00
2026-07-13T03:28:15.571+00:00,live,158,2026-07-13 11:37:55,True,2,REVERSE,0,COAST,0,0,False,False,False,False,False,False,False,False,False,0,109.0,55 aa 55 aa 2e 00 16 00 ea 07 07 00 0d 00 0b 00 25 00 37 00 01 00 d3 63 20 00 00 00 00 00 00 00 00 00 00 02 02 00 00 00 00 00 00 00 00 00
2026-07-13T03:28:15.671+00:00,live,159,2026-07-13 11:37:55,True,2,REVERSE,0,COAST,0,0,False,False,False,False,False,False,False,False,False,0,94.0,55 aa 55 aa 2e 00 16 00 ea 07 07 00 0d 00 0b 00 25 00 37 00 01 00 d3 63 20 00 00 00 00 00 00 00 00 00 00 02 02 00 00 00 00 00 00 00 00 00
2026-07-13T03:28:15.770+00:00,live,160,2026-07-13 11:37:55,True,2,REVERSE,1,TRACTION,12,0,False,False,False,False,False,False,False,False,False,0,109.0,55 aa 55 aa 2e 00 16 00 ea 07 07 00 0d 00 0b 00 25 00 37 00 01 00 12 63 20 00 00 00 00 00 00 00 00 00 00 02 02 00 01 00 0c 00 00 00 00 00
2026-07-13T03:28:15.871+00:00,live,161,2026-07-13 11:37:55,True,2,REVERSE,1,TRACTION,18,0,False,False,False,False,False,False,False,False,False,0,94.0,55 aa 55 aa 2e 00 16 00 ea 07 07 00 0d 00 0b 00 25 00 37 00 01 00 11 dd 20 00 00 00 00 00 00 00 00 00 00 02 02 00 01 00 12 00 00 00 00 00
2026-07-13T03:28:15.973+00:00,live,162,2026-07-13 11:37:55,True,2,REVERSE,1,TRACTION,21,0,False,False,False,False,False,False,False,False,False,0,109.0,55 aa 55 aa 2e 00 16 00 ea 07 07 00 0d 00 0b 00 25 00 37 00 01 00 10 6a 20 00 00 00 00 00 00 00 00 00 00 02 02 00 01 00 15 00 00 00 00 00
2026-07-13T03:28:16.073+00:00,live,163,2026-07-13 11:37:55,True,2,REVERSE,1,TRACTION,28,0,False,False,False,False,False,False,False,False,False,0,94.0,55 aa 55 aa 2e 00 16 00 ea 07 07 00 0d 00 0b 00 25 00 37 00 01 00 10 f3 20 00 00 00 00 00 00 00 00 00 00 02 02 00 01 00 1c 00 00 00 00 00
2026-07-13T03:28:16.172+00:00,live,164,2026-07-13 11:37:55,True,2,REVERSE,1,TRACTION,33,0,False,False,False,False,False,False,False,False,False,0,94.0,55 aa 55 aa 2e 00 16 00 ea 07 07 00 0d 00 0b 00 25 00 37 00 01 00 14 1e 20 00 00 00 00 00 00 00 00 00 00 02 02 00 01 00 21 00 00 00 00 00
2026-07-13T03:28:16.273+00:00,live,165,2026-07-13 11:37:55,True,2,REVERSE,1,TRACTION,38,0,False,False,False,False,False,False,False,False,False,0,109.0,55 aa 55 aa 2e 00 16 00 ea 07 07 00 0d 00 0b 00 25 00 37 00 01 00 15 a9 20 00 00 00 00 00 00 00 00 00 00 02 02 00 01 00 26 00 00 00 00 00
2026-07-13T03:28:16.375+00:00,live,166,2026-07-13 11:37:55,True,2,REVERSE,1,TRACTION,42,0,False,False,False,False,False,False,False,False,False,0,94.0,55 aa 55 aa 2e 00 16 00 ea 07 07 00 0d 00 0b 00 25 00 37 00 01 00 15 65 20 00 00 00 00 00 00 00 00 00 00 02 02 00 01 00 2a 00 00 00 00 00
2026-07-13T03:28:16.462+00:00,live,167,2026-07-13 11:37:55,True,2,REVERSE,1,TRACTION,44,0,False,False,False,False,False,False,False,False,False,0,94.0,55 aa 55 aa 2e 00 16 00 ea 07 07 00 0d 00 0b 00 25 00 37 00 01 00 15 03 20 00 00 00 00 00 00 00 00 00 00 02 02 00 01 00 2c 00 00 00 00 00
2026-07-13T03:28:16.573+00:00,live,168,2026-07-13 11:37:56,True,2,REVERSE,1,TRACTION,45,0,False,False,False,False,False,False,False,False,False,0,109.0,55 aa 55 aa 2e 00 16 00 ea 07 07 00 0d 00 0b 00 25 00 38 00 01 00 14 d2 20 00 00 00 00 00 00 00 00 00 00 02 02 00 01 00 2d 00 00 00 00 00
2026-07-13T03:28:16.668+00:00,live,169,2026-07-13 11:37:56,True,2,REVERSE,1,TRACTION,45,0,False,False,False,False,False,False,False,False,False,0,94.0,55 aa 55 aa 2e 00 16 00 ea 07 07 00 0d 00 0b 00 25 00 38 00 01 00 14 d2 20 00 00 00 00 00 00 00 00 00 00 02 02 00 01 00 2d 00 00 00 00 00
2026-07-13T03:28:16.773+00:00,live,170,2026-07-13 11:37:56,True,2,REVERSE,1,TRACTION,45,0,False,False,False,False,False,False,False,False,False,0,109.0,55 aa 55 aa 2e 00 16 00 ea 07 07 00 0d 00 0b 00 25 00 38 00 01 00 14 d2 20 00 00 00 00 00 00 00 00 00 00 02 02 00 01 00 2d 00 00 00 00 00
2026-07-13T03:28:16.877+00:00,live,171,2026-07-13 11:37:56,True,2,REVERSE,1,TRACTION,45,0,False,False,False,False,False,False,False,False,False,0,94.0,55 aa 55 aa 2e 00 16 00 ea 07 07 00 0d 00 0b 00 25 00 38 00 01 00 14 d2 20 00 00 00 00 00 00 00 00 00 00 02 02 00 01 00 2d 00 00 00 00 00
2026-07-13T03:28:16.978+00:00,live,172,2026-07-13 11:37:56,True,2,REVERSE,1,TRACTION,45,0,False,False,False,False,False,False,False,False,False,0,109.0,55 aa 55 aa 2e 00 16 00 ea 07 07 00 0d 00 0b 00 25 00 38 00 01 00 14 d2 20 00 00 00 00 00 00 00 00 00 00 02 02 00 01 00 2d 00 00 00 00 00
2026-07-13T03:28:17.078+00:00,live,173,2026-07-13 11:37:56,True,2,REVERSE,1,TRACTION,45,0,False,False,False,False,False,False,False,False,False,0,94.0,55 aa 55 aa 2e 00 16 00 ea 07 07 00 0d 00 0b 00 25 00 38 00 01 00 14 d2 20 00 00 00 00 00 00 00 00 00 00 02 02 00 01 00 2d 00 00 00 00 00
2026-07-13T03:28:17.179+00:00,live,174,2026-07-13 11:37:56,True,2,REVERSE,1,TRACTION,45,0,False,False,False,False,False,False,False,False,False,0,110.0,55 aa 55 aa 2e 00 16 00 ea 07 07 00 0d 00 0b 00 25 00 38 00 01 00 14 d2 20 00 00 00 00 00 00 00 00 00 00 02 02 00 01 00 2d 00 00 00 00 00
2026-07-13T03:28:17.280+00:00,live,175,2026-07-13 11:37:56,True,2,REVERSE,1,TRACTION,45,0,False,False,False,False,False,False,False,False,False,0,93.0,55 aa 55 aa 2e 00 16 00 ea 07 07 00 0d 00 0b 00 25 00 38 00 01 00 14 d2 20 00 00 00 00 00 00 00 00 00 00 02 02 00 01 00 2d 00 00 00 00 00
2026-07-13T03:28:17.381+00:00,live,176,2026-07-13 11:37:56,True,2,REVERSE,1,TRACTION,45,0,False,False,False,False,False,False,False,False,False,0,110.0,55 aa 55 aa 2e 00 16 00 ea 07 07 00 0d 00 0b 00 25 00 38 00 01 00 14 d2 20 00 00 00 00 00 00 00 00 00 00 02 02 00 01 00 2d 00 00 00 00 00
2026-07-13T03:28:17.481+00:00,live,177,2026-07-13 11:37:56,True,2,REVERSE,1,TRACTION,45,0,False,False,False,False,False,False,False,False,False,0,93.0,55 aa 55 aa 2e 00 16 00 ea 07 07 00 0d 00 0b 00 25 00 38 00 01 00 14 d2 20 00 00 00 00 00 00 00 00 00 00 02 02 00 01 00 2d 00 00 00 00 00
2026-07-13T03:28:17.582+00:00,live,178,2026-07-13 11:37:57,True,2,REVERSE,1,TRACTION,45,0,False,False,False,False,False,False,False,False,False,0,94.0,55 aa 55 aa 2e 00 16 00 ea 07 07 00 0d 00 0b 00 25 00 39 00 01 00 14 d2 20 00 00 00 00 00 00 00 00 00 00 02 02 00 01 00 2d 00 00 00 00 00
2026-07-13T03:28:17.681+00:00,live,179,2026-07-13 11:37:57,True,2,REVERSE,1,TRACTION,44,0,False,False,False,False,False,False,False,False,False,0,110.0,55 aa 55 aa 2e 00 16 00 ea 07 07 00 0d 00 0b 00 25 00 39 00 01 00 15 03 20 00 00 00 00 00 00 00 00 00 00 02 02 00 01 00 2c 00 00 00 00 00
2026-07-13T03:28:17.781+00:00,live,180,2026-07-13 11:37:57,True,2,REVERSE,1,TRACTION,41,0,False,False,False,False,False,False,False,False,False,0,93.0,55 aa 55 aa 2e 00 16 00 ea 07 07 00 0d 00 0b 00 25 00 39 00 01 00 15 56 20 00 00 00 00 00 00 00 00 00 00 02 02 00 01 00 29 00 00 00 00 00
2026-07-13T03:28:17.881+00:00,live,181,2026-07-13 11:37:57,True,2,REVERSE,1,TRACTION,35,0,False,False,False,False,False,False,False,False,False,0,110.0,55 aa 55 aa 2e 00 16 00 ea 07 07 00 0d 00 0b 00 25 00 39 00 01 00 15 fc 20 00 00 00 00 00 00 00 00 00 00 02 02 00 01 00 23 00 00 00 00 00
2026-07-13T03:28:17.985+00:00,live,182,2026-07-13 11:37:57,True,2,REVERSE,1,TRACTION,31,0,False,False,False,False,False,False,False,False,False,0,93.0,55 aa 55 aa 2e 00 16 00 ea 07 07 00 0d 00 0b 00 25 00 39 00 01 00 10 c0 20 00 00 00 00 00 00 00 00 00 00 02 02 00 01 00 1f 00 00 00 00 00
2026-07-13T03:28:18.081+00:00,live,183,2026-07-13 11:37:57,True,2,REVERSE,1,TRACTION,27,0,False,False,False,False,False,False,False,False,False,0,94.0,55 aa 55 aa 2e 00 16 00 ea 07 07 00 0d 00 0b 00 25 00 39 00 01 00 11 44 20 00 00 00 00 00 00 00 00 00 00 02 02 00 01 00 1b 00 00 00 00 00
2026-07-13T03:28:18.174+00:00,live,184,2026-07-13 11:37:57,True,2,REVERSE,1,TRACTION,21,0,False,False,False,False,False,False,False,False,False,0,94.0,55 aa 55 aa 2e 00 16 00 ea 07 07 00 0d 00 0b 00 25 00 39 00 01 00 10 6a 20 00 00 00 00 00 00 00 00 00 00 02 02 00 01 00 15 00 00 00 00 00
2026-07-13T03:28:18.286+00:00,live,185,2026-07-13 11:37:57,True,2,REVERSE,1,TRACTION,17,0,False,False,False,False,False,False,False,False,False,0,125.0,55 aa 55 aa 2e 00 16 00 ea 07 07 00 0d 00 0b 00 25 00 39 00 01 00 11 ee 20 00 00 00 00 00 00 00 00 00 00 02 02 00 01 00 11 00 00 00 00 00
2026-07-13T03:28:18.381+00:00,live,186,2026-07-13 11:37:57,True,2,REVERSE,1,TRACTION,14,0,False,False,False,False,False,False,False,False,False,0,94.0,55 aa 55 aa 2e 00 16 00 ea 07 07 00 0d 00 0b 00 25 00 39 00 01 00 13 81 20 00 00 00 00 00 00 00 00 00 00 02 02 00 01 00 0e 00 00 00 00 00
2026-07-13T03:28:18.489+00:00,live,187,2026-07-13 11:37:57,True,2,REVERSE,1,TRACTION,12,0,False,False,False,False,False,False,False,False,False,0,109.0,55 aa 55 aa 2e 00 16 00 ea 07 07 00 0d 00 0b 00 25 00 39 00 01 00 12 63 20 00 00 00 00 00 00 00 00 00 00 02 02 00 01 00 0c 00 00 00 00 00
2026-07-13T03:28:18.587+00:00,live,188,2026-07-13 11:37:58,True,2,REVERSE,1,TRACTION,9,0,False,False,False,False,False,False,False,False,False,0,94.0,55 aa 55 aa 2e 00 16 00 ea 07 07 00 0d 00 0b 00 25 00 3a 00 01 00 12 36 20 00 00 00 00 00 00 00 00 00 00 02 02 00 01 00 09 00 00 00 00 00
2026-07-13T03:28:18.688+00:00,live,189,2026-07-13 11:37:58,True,2,REVERSE,1,TRACTION,2,0,False,False,False,False,False,False,False,False,False,0,94.0,55 aa 55 aa 2e 00 16 00 ea 07 07 00 0d 00 0b 00 25 00 3a 00 01 00 13 4d 20 00 00 00 00 00 00 00 00 00 00 02 02 00 01 00 02 00 00 00 00 00
2026-07-13T03:28:18.786+00:00,live,190,2026-07-13 11:37:58,True,2,REVERSE,0,COAST,0,0,False,False,False,False,False,False,False,False,False,0,109.0,55 aa 55 aa 2e 00 16 00 ea 07 07 00 0d 00 0b 00 25 00 3a 00 01 00 d3 63 20 00 00 00 00 00 00 00 00 00 00 02 02 00 00 00 00 00 00 00 00 00
2026-07-13T03:28:18.891+00:00,live,191,2026-07-13 11:37:58,True,2,REVERSE,0,COAST,0,0,False,False,False,False,False,False,False,False,False,0,94.0,55 aa 55 aa 2e 00 16 00 ea 07 07 00 0d 00 0b 00 25 00 3a 00 01 00 d3 63 20 00 00 00 00 00 00 00 00 00 00 02 02 00 00 00 00 00 00 00 00 00
2026-07-13T03:28:18.991+00:00,live,192,2026-07-13 11:37:58,True,2,REVERSE,0,COAST,0,0,False,False,False,False,False,False,False,False,False,0,109.0,55 aa 55 aa 2e 00 16 00 ea 07 07 00 0d 00 0b 00 25 00 3a 00 01 00 d3 63 20 00 00 00 00 00 00 00 00 00 00 02 02 00 00 00 00 00 00 00 00 00
2026-07-13T03:28:19.091+00:00,live,193,2026-07-13 11:37:58,True,2,REVERSE,2,BRAKE,0,40191,False,False,False,False,False,False,False,False,False,0,94.0,55 aa 55 aa 2e 00 16 00 ea 07 07 00 0d 00 0b 00 25 00 3a 00 01 00 a2 80 20 00 00 00 00 00 00 00 00 00 00 02 02 00 02 00 00 00 ff 9c 00 00
2026-07-13T03:28:19.192+00:00,live,194,2026-07-13 11:37:58,True,2,REVERSE,2,BRAKE,0,40257,False,False,False,False,False,False,False,False,False,0,109.0,55 aa 55 aa 2e 00 16 00 ea 07 07 00 0d 00 0b 00 25 00 3a 00 01 00 d7 68 20 00 00 00 00 00 00 00 00 00 00 02 02 00 02 00 00 00 41 9d 00 00
2026-07-13T03:28:19.291+00:00,live,195,2026-07-13 11:37:58,True,2,REVERSE,4,EMERGENCY_BRAKE,0,100,False,False,False,False,False,False,False,False,False,0,94.0,55 aa 55 aa 2e 00 16 00 ea 07 07 00 0d 00 0b 00 25 00 3a 00 01 00 cd a0 20 00 00 00 00 00 00 00 00 00 00 02 02 00 04 00 00 00 64 00 00 00
2026-07-13T03:28:19.394+00:00,live,196,2026-07-13 11:37:58,True,2,REVERSE,4,EMERGENCY_BRAKE,0,100,False,False,False,False,False,False,False,False,False,0,94.0,55 aa 55 aa 2e 00 16 00 ea 07 07 00 0d 00 0b 00 25 00 3a 00 01 00 cd a0 20 00 00 00 00 00 00 00 00 00 00 02 02 00 04 00 00 00 64 00 00 00
2026-07-13T03:28:19.494+00:00,live,197,2026-07-13 11:37:58,True,2,REVERSE,4,EMERGENCY_BRAKE,0,100,False,False,False,False,False,False,False,False,False,0,109.0,55 aa 55 aa 2e 00 16 00 ea 07 07 00 0d 00 0b 00 25 00 3a 00 01 00 cd a0 20 00 00 00 00 00 00 00 00 00 00 02 02 00 04 00 00 00 64 00 00 00
2026-07-13T03:28:19.594+00:00,live,198,2026-07-13 11:37:59,True,2,REVERSE,4,EMERGENCY_BRAKE,0,100,False,False,False,False,False,False,False,False,False,0,94.0,55 aa 55 aa 2e 00 16 00 ea 07 07 00 0d 00 0b 00 25 00 3b 00 01 00 cd a0 20 00 00 00 00 00 00 00 00 00 00 02 02 00 04 00 00 00 64 00 00 00
2026-07-13T03:28:19.694+00:00,live,199,2026-07-13 11:37:59,True,2,REVERSE,2,BRAKE,0,40248,False,False,False,False,False,False,False,False,False,0,109.0,55 aa 55 aa 2e 00 16 00 ea 07 07 00 0d 00 0b 00 25 00 3b 00 01 00 ce 34 20 00 00 00 00 00 00 00 00 00 00 02 02 00 02 00 00 00 38 9d 00 00
2026-07-13T03:28:19.795+00:00,live,200,2026-07-13 11:37:59,True,2,REVERSE,2,BRAKE,0,40205,False,False,False,False,False,False,False,False,False,0,94.0,55 aa 55 aa 2e 00 16 00 ea 07 07 00 0d 00 0b 00 25 00 3b 00 01 00 c1 f8 20 00 00 00 00 00 00 00 00 00 00 02 02 00 02 00 00 00 0d 9d 00 00
2026-07-13T03:28:19.897+00:00,live,201,2026-07-13 11:37:59,True,2,REVERSE,0,COAST,0,0,False,False,False,False,False,False,False,False,False,0,109.0,55 aa 55 aa 2e 00 16 00 ea 07 07 00 0d 00 0b 00 25 00 3b 00 01 00 d3 63 20 00 00 00 00 00 00 00 00 00 00 02 02 00 00 00 00 00 00 00 00 00
2026-07-13T03:28:19.998+00:00,live,202,2026-07-13 11:37:59,True,2,REVERSE,1,TRACTION,15,0,False,False,False,False,False,False,False,False,False,0,94.0,55 aa 55 aa 2e 00 16 00 ea 07 07 00 0d 00 0b 00 25 00 3b 00 01 00 12 50 20 00 00 00 00 00 00 00 00 00 00 02 02 00 01 00 0f 00 00 00 00 00
2026-07-13T03:28:20.097+00:00,live,203,2026-07-13 11:37:59,True,2,REVERSE,1,TRACTION,37,0,False,False,False,False,False,False,False,False,False,0,94.0,55 aa 55 aa 2e 00 16 00 ea 07 07 00 0d 00 0b 00 25 00 3b 00 01 00 15 9a 20 00 00 00 00 00 00 00 00 00 00 02 02 00 01 00 25 00 00 00 00 00
2026-07-13T03:28:20.198+00:00,live,204,2026-07-13 11:37:59,True,2,REVERSE,1,TRACTION,60,0,False,False,False,False,False,False,False,False,False,0,109.0,55 aa 55 aa 2e 00 16 00 ea 07 07 00 0d 00 0b 00 25 00 3b 00 01 00 17 93 20 00 00 00 00 00 00 00 00 00 00 02 02 00 01 00 3c 00 00 00 00 00
2026-07-13T03:28:20.299+00:00,live,205,2026-07-13 11:37:59,True,2,REVERSE,1,TRACTION,74,0,False,False,False,False,False,False,False,False,False,0,94.0,55 aa 55 aa 2e 00 16 00 ea 07 07 00 0d 00 0b 00 25 00 3b 00 01 00 1c c5 20 00 00 00 00 00 00 00 00 00 00 02 02 00 01 00 4a 00 00 00 00 00
2026-07-13T03:28:20.399+00:00,live,206,2026-07-13 11:37:59,True,2,REVERSE,1,TRACTION,77,0,False,False,False,False,False,False,False,False,False,0,109.0,55 aa 55 aa 2e 00 16 00 ea 07 07 00 0d 00 0b 00 25 00 3b 00 01 00 1d 72 20 00 00 00 00 00 00 00 00 00 00 02 02 00 01 00 4d 00 00 00 00 00
2026-07-13T03:28:20.500+00:00,live,207,2026-07-13 11:37:59,True,2,REVERSE,1,TRACTION,80,0,False,False,False,False,False,False,False,False,False,0,94.0,55 aa 55 aa 2e 00 16 00 ea 07 07 00 0d 00 0b 00 25 00 3b 00 01 00 1e ff 20 00 00 00 00 00 00 00 00 00 00 02 02 00 01 00 50 00 00 00 00 00
2026-07-13T03:28:20.601+00:00,live,208,2026-07-13 11:38:00,True,2,REVERSE,1,TRACTION,82,0,False,False,False,False,False,False,False,False,False,0,109.0,55 aa 55 aa 2e 00 16 00 ea 07 07 00 0d 00 0b 00 26 00 00 00 01 00 1f 1d 20 00 00 00 00 00 00 00 00 00 00 02 02 00 01 00 52 00 00 00 00 00
2026-07-13T03:28:20.701+00:00,live,209,2026-07-13 11:38:00,True,2,REVERSE,1,TRACTION,100,0,False,False,False,False,False,False,False,False,False,0,94.0,55 aa 55 aa 2e 00 16 00 ea 07 07 00 0d 00 0b 00 26 00 00 00 01 00 1a 8b 20 00 00 00 00 00 00 00 00 00 00 02 02 00 01 00 64 00 00 00 00 00
2026-07-13T03:28:20.799+00:00,live,210,2026-07-13 11:38:00,True,2,REVERSE,1,TRACTION,100,0,False,False,False,False,False,False,False,False,False,0,94.0,55 aa 55 aa 2e 00 16 00 ea 07 07 00 0d 00 0b 00 26 00 00 00 01 00 1a 8b 20 00 00 00 00 00 00 00 00 00 00 02 02 00 01 00 64 00 00 00 00 00
2026-07-13T03:28:20.901+00:00,live,211,2026-07-13 11:38:00,True,2,REVERSE,1,TRACTION,100,0,False,False,False,False,False,False,False,False,False,0,109.0,55 aa 55 aa 2e 00 16 00 ea 07 07 00 0d 00 0b 00 26 00 00 00 01 00 1a 8b 20 00 00 00 00 00 00 00 00 00 00 02 02 00 01 00 64 00 00 00 00 00
2026-07-13T03:28:21.003+00:00,live,212,2026-07-13 11:38:00,True,2,REVERSE,1,TRACTION,80,0,False,False,False,False,False,False,False,False,False,0,94.0,55 aa 55 aa 2e 00 16 00 ea 07 07 00 0d 00 0b 00 26 00 00 00 01 00 1e ff 20 00 00 00 00 00 00 00 00 00 00 02 02 00 01 00 50 00 00 00 00 00
2026-07-13T03:28:21.104+00:00,live,213,2026-07-13 11:38:00,True,2,REVERSE,1,TRACTION,54,0,False,False,False,False,False,False,False,False,False,0,109.0,55 aa 55 aa 2e 00 16 00 ea 07 07 00 0d 00 0b 00 26 00 00 00 01 00 17 39 20 00 00 00 00 00 00 00 00 00 00 02 02 00 01 00 36 00 00 00 00 00
2026-07-13T03:28:21.203+00:00,live,214,2026-07-13 11:38:00,True,2,REVERSE,1,TRACTION,34,0,False,False,False,False,False,False,False,False,False,0,94.0,55 aa 55 aa 2e 00 16 00 ea 07 07 00 0d 00 0b 00 26 00 00 00 01 00 14 2d 20 00 00 00 00 00 00 00 00 00 00 02 02 00 01 00 22 00 00 00 00 00
2026-07-13T03:28:21.305+00:00,live,215,2026-07-13 11:38:00,True,2,REVERSE,1,TRACTION,13,0,False,False,False,False,False,False,False,False,False,0,110.0,55 aa 55 aa 2e 00 16 00 ea 07 07 00 0d 00 0b 00 26 00 00 00 01 00 13 b2 20 00 00 00 00 00 00 00 00 00 00 02 02 00 01 00 0d 00 00 00 00 00
2026-07-13T03:28:21.406+00:00,live,216,2026-07-13 11:38:00,True,2,REVERSE,2,BRAKE,0,40202,False,False,False,False,False,False,False,False,False,0,93.0,55 aa 55 aa 2e 00 16 00 ea 07 07 00 0d 00 0b 00 26 00 00 00 01 00 c0 8c 20 00 00 00 00 00 00 00 00 00 00 02 02 00 02 00 00 00 0a 9d 00 00
2026-07-13T03:28:21.506+00:00,live,217,2026-07-13 11:38:00,True,2,REVERSE,2,BRAKE,0,40213,False,False,False,False,False,False,False,False,False,0,110.0,55 aa 55 aa 2e 00 16 00 ea 07 07 00 0d 00 0b 00 26 00 00 00 01 00 c7 58 20 00 00 00 00 00 00 00 00 00 00 02 02 00 02 00 00 00 15 9d 00 00
2026-07-13T03:28:21.608+00:00,live,218,2026-07-13 11:38:01,True,2,REVERSE,2,BRAKE,0,40213,False,False,False,False,False,False,False,False,False,0,93.0,55 aa 55 aa 2e 00 16 00 ea 07 07 00 0d 00 0b 00 26 00 01 00 01 00 c7 58 20 00 00 00 00 00 00 00 00 00 00 02 02 00 02 00 00 00 15 9d 00 00
2026-07-13T03:28:21.708+00:00,live,219,2026-07-13 11:38:01,True,2,REVERSE,2,BRAKE,0,40213,False,False,False,False,False,False,False,False,False,0,110.0,55 aa 55 aa 2e 00 16 00 ea 07 07 00 0d 00 0b 00 26 00 01 00 01 00 c7 58 20 00 00 00 00 00 00 00 00 00 00 02 02 00 02 00 00 00 15 9d 00 00
2026-07-13T03:28:21.808+00:00,live,220,2026-07-13 11:38:01,True,2,REVERSE,2,BRAKE,0,40209,False,False,False,False,False,False,False,False,False,0,94.0,55 aa 55 aa 2e 00 16 00 ea 07 07 00 0d 00 0b 00 26 00 01 00 01 00 c6 68 20 00 00 00 00 00 00 00 00 00 00 02 02 00 02 00 00 00 11 9d 00 00
2026-07-13T03:28:21.908+00:00,live,221,2026-07-13 11:38:01,True,2,REVERSE,0,COAST,0,0,False,False,False,False,False,False,False,False,False,0,93.0,55 aa 55 aa 2e 00 16 00 ea 07 07 00 0d 00 0b 00 26 00 01 00 01 00 d3 63 20 00 00 00 00 00 00 00 00 00 00 02 02 00 00 00 00 00 00 00 00 00
2026-07-13T03:28:22.009+00:00,live,222,2026-07-13 11:38:01,True,2,REVERSE,0,COAST,0,0,False,False,False,False,False,False,False,False,False,0,110.0,55 aa 55 aa 2e 00 16 00 ea 07 07 00 0d 00 0b 00 26 00 01 00 01 00 d3 63 20 00 00 00 00 00 00 00 00 00 00 02 02 00 00 00 00 00 00 00 00 00
2026-07-13T03:28:22.110+00:00,live,223,2026-07-13 11:38:01,True,2,REVERSE,0,COAST,0,0,False,False,False,False,False,False,False,False,False,0,93.0,55 aa 55 aa 2e 00 16 00 ea 07 07 00 0d 00 0b 00 26 00 01 00 01 00 d3 63 20 00 00 00 00 00 00 00 00 00 00 02 02 00 00 00 00 00 00 00 00 00
2026-07-13T03:28:22.210+00:00,live,224,2026-07-13 11:38:01,True,2,REVERSE,0,COAST,0,0,False,False,False,False,False,False,False,False,False,0,110.0,55 aa 55 aa 2e 00 16 00 ea 07 07 00 0d 00 0b 00 26 00 01 00 01 00 d3 63 20 00 00 00 00 00 00 00 00 00 00 02 02 00 00 00 00 00 00 00 00 00
2026-07-13T03:28:22.310+00:00,live,225,2026-07-13 11:38:01,True,2,REVERSE,0,COAST,0,0,False,False,False,False,False,False,False,False,False,0,94.0,55 aa 55 aa 2e 00 16 00 ea 07 07 00 0d 00 0b 00 26 00 01 00 01 00 d3 63 20 00 00 00 00 00 00 00 00 00 00 02 02 00 00 00 00 00 00 00 00 00
2026-07-13T03:28:22.411+00:00,live,226,2026-07-13 11:38:01,True,2,REVERSE,0,COAST,0,0,False,False,False,False,False,False,False,False,False,0,109.0,55 aa 55 aa 2e 00 16 00 ea 07 07 00 0d 00 0b 00 26 00 01 00 01 00 d3 63 20 00 00 00 00 00 00 00 00 00 00 02 02 00 00 00 00 00 00 00 00 00
2026-07-13T03:28:22.512+00:00,live,227,2026-07-13 11:38:02,True,2,REVERSE,0,COAST,0,0,False,False,False,False,False,False,False,False,False,0,94.0,55 aa 55 aa 2e 00 16 00 ea 07 07 00 0d 00 0b 00 26 00 02 00 01 00 d3 63 20 00 00 00 00 00 00 00 00 00 00 02 02 00 00 00 00 00 00 00 00 00
2026-07-13T03:28:22.611+00:00,live,228,2026-07-13 11:38:02,True,0,ZERO,0,COAST,0,0,False,False,False,False,False,False,False,False,False,0,93.0,55 aa 55 aa 2e 00 16 00 ea 07 07 00 0d 00 0b 00 26 00 02 00 01 00 72 a9 20 00 00 00 00 00 00 00 00 00 00 02 00 00 00 00 00 00 00 00 00 00
2026-07-13T03:28:22.713+00:00,live,229,2026-07-13 11:38:02,True,0,ZERO,0,COAST,0,0,False,False,False,False,False,False,False,False,False,0,110.0,55 aa 55 aa 2e 00 16 00 ea 07 07 00 0d 00 0b 00 26 00 02 00 01 00 72 a9 20 00 00 00 00 00 00 00 00 00 00 02 00 00 00 00 00 00 00 00 00 00
2026-07-13T03:28:22.814+00:00,live,230,2026-07-13 11:38:02,True,0,ZERO,0,COAST,0,0,False,False,False,False,False,False,False,False,False,0,94.0,55 aa 55 aa 2e 00 16 00 ea 07 07 00 0d 00 0b 00 26 00 02 00 01 00 72 a9 20 00 00 00 00 00 00 00 00 00 00 02 00 00 00 00 00 00 00 00 00 00
2026-07-13T03:28:22.916+00:00,live,231,2026-07-13 11:38:02,True,0,ZERO,0,COAST,0,0,False,False,False,False,False,False,False,False,False,0,109.0,55 aa 55 aa 2e 00 16 00 ea 07 07 00 0d 00 0b 00 26 00 02 00 01 00 72 a9 20 00 00 00 00 00 00 00 00 00 00 02 00 00 00 00 00 00 00 00 00 00
2026-07-13T03:28:23.014+00:00,live,232,2026-07-13 11:38:02,True,0,ZERO,0,COAST,0,0,False,False,False,False,False,False,False,False,False,0,94.0,55 aa 55 aa 2e 00 16 00 ea 07 07 00 0d 00 0b 00 26 00 02 00 01 00 72 a9 20 00 00 00 00 00 00 00 00 00 00 02 00 00 00 00 00 00 00 00 00 00
2026-07-13T03:28:23.112+00:00,live,233,2026-07-13 11:38:02,True,0,ZERO,0,COAST,0,0,False,False,False,False,False,False,False,False,False,0,93.0,55 aa 55 aa 2e 00 16 00 ea 07 07 00 0d 00 0b 00 26 00 02 00 01 00 72 a9 20 00 00 00 00 00 00 00 00 00 00 02 00 00 00 00 00 00 00 00 00 00
2026-07-13T03:28:23.216+00:00,live,234,2026-07-13 11:38:02,True,0,ZERO,0,COAST,0,0,False,False,False,False,False,False,False,False,False,0,110.0,55 aa 55 aa 2e 00 16 00 ea 07 07 00 0d 00 0b 00 26 00 02 00 01 00 72 a9 20 00 00 00 00 00 00 00 00 00 00 02 00 00 00 00 00 00 00 00 00 00
2026-07-13T03:28:23.317+00:00,live,235,2026-07-13 11:38:02,True,0,ZERO,0,COAST,0,0,False,False,False,False,False,False,False,False,False,0,109.0,55 aa 55 aa 2e 00 16 00 ea 07 07 00 0d 00 0b 00 26 00 02 00 01 00 72 a9 20 00 00 00 00 00 00 00 00 00 00 02 00 00 00 00 00 00 00 00 00 00
2026-07-13T03:28:23.418+00:00,live,236,2026-07-13 11:38:02,True,0,ZERO,0,COAST,0,0,False,False,False,False,False,False,False,False,False,0,94.0,55 aa 55 aa 2e 00 16 00 ea 07 07 00 0d 00 0b 00 26 00 02 00 01 00 72 a9 20 00 00 00 00 00 00 00 00 00 00 02 00 00 00 00 00 00 00 00 00 00
2026-07-13T03:28:23.517+00:00,live,237,2026-07-13 11:38:03,True,0,ZERO,0,COAST,0,0,False,False,False,False,False,False,False,False,False,0,94.0,55 aa 55 aa 2e 00 16 00 ea 07 07 00 0d 00 0b 00 26 00 03 00 01 00 72 a9 20 00 00 00 00 00 00 00 00 00 00 02 00 00 00 00 00 00 00 00 00 00
2026-07-13T03:28:23.615+00:00,live,238,2026-07-13 11:38:03,True,0,ZERO,0,COAST,0,0,False,False,False,False,False,False,False,False,False,0,109.0,55 aa 55 aa 2e 00 16 00 ea 07 07 00 0d 00 0b 00 26 00 03 00 01 00 72 a9 20 00 00 00 00 00 00 00 00 00 00 02 00 00 00 00 00 00 00 00 00 00
2026-07-13T03:28:23.720+00:00,live,239,2026-07-13 11:38:03,True,0,ZERO,0,COAST,0,0,False,False,False,False,False,False,False,False,False,0,94.0,55 aa 55 aa 2e 00 16 00 ea 07 07 00 0d 00 0b 00 26 00 03 00 01 00 72 a9 20 00 00 00 00 00 00 00 00 00 00 02 00 00 00 00 00 00 00 00 00 00
2026-07-13T03:28:23.820+00:00,live,240,2026-07-13 11:38:03,True,0,ZERO,0,COAST,0,0,False,False,False,False,False,False,False,False,False,0,109.0,55 aa 55 aa 2e 00 16 00 ea 07 07 00 0d 00 0b 00 26 00 03 00 01 00 72 a9 20 00 00 00 00 00 00 00 00 00 00 02 00 00 00 00 00 00 00 00 00 00
2026-07-13T03:28:23.921+00:00,live,241,2026-07-13 11:38:03,True,0,ZERO,0,COAST,0,0,False,False,False,False,False,False,False,False,False,0,94.0,55 aa 55 aa 2e 00 16 00 ea 07 07 00 0d 00 0b 00 26 00 03 00 01 00 72 a9 20 00 00 00 00 00 00 00 00 00 00 02 00 00 00 00 00 00 00 00 00 00
2026-07-13T03:28:24.021+00:00,live,242,2026-07-13 11:38:03,True,0,ZERO,0,COAST,0,0,False,False,False,False,False,False,False,False,False,0,109.0,55 aa 55 aa 2e 00 16 00 ea 07 07 00 0d 00 0b 00 26 00 03 00 01 00 72 a9 20 00 00 00 00 00 00 00 00 00 00 02 00 00 00 00 00 00 00 00 00 00
2026-07-13T03:28:24.115+00:00,live,243,2026-07-13 11:38:03,True,0,ZERO,0,COAST,0,0,False,False,False,False,False,False,False,False,False,0,94.0,55 aa 55 aa 2e 00 16 00 ea 07 07 00 0d 00 0b 00 26 00 03 00 01 00 72 a9 20 00 00 00 00 00 00 00 00 00 00 02 00 00 00 00 00 00 00 00 00 00
2026-07-13T03:28:24.224+00:00,live,244,2026-07-13 11:38:03,True,0,ZERO,0,COAST,0,0,False,False,False,False,False,False,False,False,False,0,109.0,55 aa 55 aa 2e 00 16 00 ea 07 07 00 0d 00 0b 00 26 00 03 00 01 00 72 a9 20 00 00 00 00 00 00 00 00 00 00 02 00 00 00 00 00 00 00 00 00 00
2026-07-13T03:28:24.319+00:00,live,245,2026-07-13 11:38:03,True,0,ZERO,0,COAST,0,0,False,False,False,False,False,False,False,False,False,0,94.0,55 aa 55 aa 2e 00 16 00 ea 07 07 00 0d 00 0b 00 26 00 03 00 01 00 72 a9 20 00 00 00 00 00 00 00 00 00 00 02 00 00 00 00 00 00 00 00 00 00
2026-07-13T03:28:24.422+00:00,live,246,2026-07-13 11:38:03,True,0,ZERO,0,COAST,0,0,False,False,False,False,False,False,False,False,False,0,94.0,55 aa 55 aa 2e 00 16 00 ea 07 07 00 0d 00 0b 00 26 00 03 00 01 00 72 a9 20 00 00 00 00 00 00 00 00 00 00 02 00 00 00 00 00 00 00 00 00 00
2026-07-13T03:28:24.523+00:00,live,247,2026-07-13 11:38:04,True,0,ZERO,0,COAST,0,0,False,False,False,False,False,False,False,False,False,0,109.0,55 aa 55 aa 2e 00 16 00 ea 07 07 00 0d 00 0b 00 26 00 04 00 01 00 72 a9 20 00 00 00 00 00 00 00 00 00 00 02 00 00 00 00 00 00 00 00 00 00
2026-07-13T03:28:24.623+00:00,live,248,2026-07-13 11:38:04,True,0,ZERO,0,COAST,0,0,False,False,False,False,False,False,False,False,False,0,94.0,55 aa 55 aa 2e 00 16 00 ea 07 07 00 0d 00 0b 00 26 00 04 00 01 00 72 a9 20 00 00 00 00 00 00 00 00 00 00 02 00 00 00 00 00 00 00 00 00 00
2026-07-13T03:28:24.725+00:00,live,249,2026-07-13 11:38:04,True,0,ZERO,0,COAST,0,0,False,False,False,False,False,False,False,False,False,0,109.0,55 aa 55 aa 2e 00 16 00 ea 07 07 00 0d 00 0b 00 26 00 04 00 01 00 72 a9 20 00 00 00 00 00 00 00 00 00 00 02 00 00 00 00 00 00 00 00 00 00
2026-07-13T03:28:24.826+00:00,live,250,2026-07-13 11:38:04,True,0,ZERO,0,COAST,0,0,False,False,False,False,False,False,False,False,False,0,94.0,55 aa 55 aa 2e 00 16 00 ea 07 07 00 0d 00 0b 00 26 00 04 00 01 00 72 a9 20 00 00 00 00 00 00 00 00 00 00 02 00 00 00 00 00 00 00 00 00 00
2026-07-13T03:28:24.927+00:00,live,251,2026-07-13 11:38:04,True,0,ZERO,0,COAST,0,0,False,False,False,False,False,False,False,False,False,0,110.0,55 aa 55 aa 2e 00 16 00 ea 07 07 00 0d 00 0b 00 26 00 04 00 01 00 72 a9 20 00 00 00 00 00 00 00 00 00 00 02 00 00 00 00 00 00 00 00 00 00
2026-07-13T03:28:25.018+00:00,live,252,2026-07-13 11:38:04,True,0,ZERO,0,COAST,0,0,False,False,False,False,False,False,False,False,False,0,78.0,55 aa 55 aa 2e 00 16 00 ea 07 07 00 0d 00 0b 00 26 00 04 00 01 00 72 a9 20 00 00 00 00 00 00 00 00 00 00 02 00 00 00 00 00 00 00 00 00 00
2026-07-13T03:28:25.125+00:00,live,253,2026-07-13 11:38:04,True,0,ZERO,0,COAST,0,0,False,False,False,False,False,False,False,False,False,0,109.0,55 aa 55 aa 2e 00 16 00 ea 07 07 00 0d 00 0b 00 26 00 04 00 01 00 72 a9 20 00 00 00 00 00 00 00 00 00 00 02 00 00 00 00 00 00 00 00 00 00
2026-07-13T03:28:25.228+00:00,live,254,2026-07-13 11:38:04,True,0,ZERO,0,COAST,0,0,False,False,False,False,False,False,False,False,False,0,109.0,55 aa 55 aa 2e 00 16 00 ea 07 07 00 0d 00 0b 00 26 00 04 00 01 00 72 a9 20 00 00 00 00 00 00 00 00 00 00 02 00 00 00 00 00 00 00 00 00 00
2026-07-13T03:28:25.328+00:00,live,255,2026-07-13 11:38:04,True,0,ZERO,0,COAST,0,0,False,False,False,False,False,False,False,False,False,0,94.0,55 aa 55 aa 2e 00 16 00 ea 07 07 00 0d 00 0b 00 26 00 04 00 01 00 72 a9 20 00 00 00 00 00 00 00 00 00 00 02 00 00 00 00 00 00 00 00 00 00
2026-07-13T03:28:25.420+00:00,live,256,2026-07-13 11:38:04,True,0,ZERO,0,COAST,0,0,False,False,False,False,False,False,False,False,False,0,94.0,55 aa 55 aa 2e 00 16 00 ea 07 07 00 0d 00 0b 00 26 00 04 00 01 00 72 a9 20 00 00 00 00 00 00 00 00 00 00 02 00 00 00 00 00 00 00 00 00 00
2026-07-13T03:28:25.530+00:00,live,257,2026-07-13 11:38:05,True,0,ZERO,0,COAST,0,0,False,False,False,False,False,False,False,False,False,0,109.0,55 aa 55 aa 2e 00 16 00 ea 07 07 00 0d 00 0b 00 26 00 05 00 01 00 72 a9 20 00 00 00 00 00 00 00 00 00 00 02 00 00 00 00 00 00 00 00 00 00
2026-07-13T03:28:25.631+00:00,live,258,2026-07-13 11:38:05,True,0,ZERO,0,COAST,0,0,False,False,False,False,False,False,False,False,False,0,110.0,55 aa 55 aa 2e 00 16 00 ea 07 07 00 0d 00 0b 00 26 00 05 00 01 00 72 a9 20 00 00 00 00 00 00 00 00 00 00 02 00 00 00 00 00 00 00 00 00 00
2026-07-13T03:28:25.731+00:00,live,259,2026-07-13 11:38:05,True,0,ZERO,0,COAST,0,0,False,False,False,False,False,False,False,False,False,0,93.0,55 aa 55 aa 2e 00 16 00 ea 07 07 00 0d 00 0b 00 26 00 05 00 01 00 72 a9 20 00 00 00 00 00 00 00 00 00 00 02 00 00 00 00 00 00 00 00 00 00
2026-07-13T03:28:25.832+00:00,live,260,2026-07-13 11:38:05,True,0,ZERO,0,COAST,0,0,False,False,False,False,False,False,False,False,False,0,94.0,55 aa 55 aa 2e 00 16 00 ea 07 07 00 0d 00 0b 00 26 00 05 00 01 00 72 a9 20 00 00 00 00 00 00 00 00 00 00 02 00 00 00 00 00 00 00 00 00 00
2026-07-13T03:28:25.933+00:00,live,261,2026-07-13 11:38:05,True,0,ZERO,0,COAST,0,0,False,False,False,False,False,False,False,False,False,0,110.0,55 aa 55 aa 2e 00 16 00 ea 07 07 00 0d 00 0b 00 26 00 05 00 01 00 72 a9 20 00 00 00 00 00 00 00 00 00 00 02 00 00 00 00 00 00 00 00 00 00
2026-07-13T03:28:26.030+00:00,live,262,2026-07-13 11:38:05,True,0,ZERO,0,COAST,0,0,False,False,False,False,False,False,False,False,False,0,93.0,55 aa 55 aa 2e 00 16 00 ea 07 07 00 0d 00 0b 00 26 00 05 00 01 00 72 a9 20 00 00 00 00 00 00 00 00 00 00 02 00 00 00 00 00 00 00 00 00 00
2026-07-13T03:28:26.131+00:00,live,263,2026-07-13 11:38:05,True,0,ZERO,0,COAST,0,0,False,False,False,False,False,False,False,False,False,0,110.0,55 aa 55 aa 2e 00 16 00 ea 07 07 00 0d 00 0b 00 26 00 05 00 01 00 72 a9 20 00 00 00 00 00 00 00 00 00 00 02 00 00 00 00 00 00 00 00 00 00
2026-07-13T03:28:26.234+00:00,live,264,2026-07-13 11:38:05,True,0,ZERO,0,COAST,0,0,False,False,False,False,False,False,False,False,False,0,93.0,55 aa 55 aa 2e 00 16 00 ea 07 07 00 0d 00 0b 00 26 00 05 00 01 00 72 a9 20 00 00 00 00 00 00 00 00 00 00 02 00 00 00 00 00 00 00 00 00 00
2026-07-13T03:28:26.335+00:00,live,265,2026-07-13 11:38:05,True,0,ZERO,0,COAST,0,0,False,False,False,False,False,False,False,False,False,0,110.0,55 aa 55 aa 2e 00 16 00 ea 07 07 00 0d 00 0b 00 26 00 05 00 01 00 72 a9 20 00 00 00 00 00 00 00 00 00 00 02 00 00 00 00 00 00 00 00 00 00
2026-07-13T03:28:26.436+00:00,live,266,2026-07-13 11:38:05,True,0,ZERO,0,COAST,0,0,False,False,False,False,False,False,False,False,False,0,94.0,55 aa 55 aa 2e 00 16 00 ea 07 07 00 0d 00 0b 00 26 00 05 00 01 00 72 a9 20 00 00 00 00 00 00 00 00 00 00 02 00 00 00 00 00 00 00 00 00 00
2026-07-13T03:28:26.536+00:00,live,267,2026-07-13 11:38:06,True,0,ZERO,0,COAST,0,0,False,False,False,False,False,False,False,False,False,0,109.0,55 aa 55 aa 2e 00 16 00 ea 07 07 00 0d 00 0b 00 26 00 06 00 01 00 72 a9 20 00 00 00 00 00 00 00 00 00 00 02 00 00 00 00 00 00 00 00 00 00
2026-07-13T03:28:26.635+00:00,live,268,2026-07-13 11:38:06,True,0,ZERO,0,COAST,0,0,False,False,False,False,False,False,False,False,False,0,94.0,55 aa 55 aa 2e 00 16 00 ea 07 07 00 0d 00 0b 00 26 00 06 00 01 00 72 a9 20 00 00 00 00 00 00 00 00 00 00 02 00 00 00 00 00 00 00 00 00 00
2026-07-13T03:28:26.737+00:00,live,269,2026-07-13 11:38:06,True,0,ZERO,0,COAST,0,0,False,False,False,False,False,False,False,False,False,0,93.0,55 aa 55 aa 2e 00 16 00 ea 07 07 00 0d 00 0b 00 26 00 06 00 01 00 72 a9 20 00 00 00 00 00 00 00 00 00 00 02 00 00 00 00 00 00 00 00 00 00
2026-07-13T03:28:26.835+00:00,live,270,2026-07-13 11:38:06,True,0,ZERO,0,COAST,0,0,False,False,False,False,False,False,False,False,False,0,110.0,55 aa 55 aa 2e 00 16 00 ea 07 07 00 0d 00 0b 00 26 00 06 00 01 00 72 a9 20 00 00 00 00 00 00 00 00 00 00 02 00 00 00 00 00 00 00 00 00 00
2026-07-13T03:28:26.938+00:00,live,271,2026-07-13 11:38:06,True,0,ZERO,0,COAST,0,0,False,False,False,False,False,False,False,False,False,0,94.0,55 aa 55 aa 2e 00 16 00 ea 07 07 00 0d 00 0b 00 26 00 06 00 01 00 72 a9 20 00 00 00 00 00 00 00 00 00 00 02 00 00 00 00 00 00 00 00 00 00
2026-07-13T03:28:27.035+00:00,live,272,2026-07-13 11:38:06,True,0,ZERO,0,COAST,0,0,False,False,False,False,False,False,False,False,False,0,93.0,55 aa 55 aa 2e 00 16 00 ea 07 07 00 0d 00 0b 00 26 00 06 00 01 00 72 a9 20 00 00 00 00 00 00 00 00 00 00 02 00 00 00 00 00 00 00 00 00 00
2026-07-13T03:28:27.139+00:00,live,273,2026-07-13 11:38:06,True,0,ZERO,0,COAST,0,0,False,False,False,False,False,False,False,False,False,0,110.0,55 aa 55 aa 2e 00 16 00 ea 07 07 00 0d 00 0b 00 26 00 06 00 01 00 72 a9 20 00 00 00 00 00 00 00 00 00 00 02 00 00 00 00 00 00 00 00 00 00
2026-07-13T03:28:27.239+00:00,live,274,2026-07-13 11:38:06,True,0,ZERO,0,COAST,0,0,False,False,False,False,False,False,False,False,False,0,109.0,55 aa 55 aa 2e 00 16 00 ea 07 07 00 0d 00 0b 00 26 00 06 00 01 00 72 a9 20 00 00 00 00 00 00 00 00 00 00 02 00 00 00 00 00 00 00 00 00 00
2026-07-13T03:28:27.339+00:00,live,275,2026-07-13 11:38:06,True,0,ZERO,0,COAST,0,0,False,False,False,False,False,False,False,False,False,0,94.0,55 aa 55 aa 2e 00 16 00 ea 07 07 00 0d 00 0b 00 26 00 06 00 01 00 72 a9 20 00 00 00 00 00 00 00 00 00 00 02 00 00 00 00 00 00 00 00 00 00
2026-07-13T03:28:27.440+00:00,live,276,2026-07-13 11:38:06,True,0,ZERO,0,COAST,0,0,False,False,False,False,False,False,False,False,False,0,94.0,55 aa 55 aa 2e 00 16 00 ea 07 07 00 0d 00 0b 00 26 00 06 00 01 00 72 a9 20 00 00 00 00 00 00 00 00 00 00 02 00 00 00 00 00 00 00 00 00 00
2026-07-13T03:28:27.541+00:00,live,277,2026-07-13 11:38:07,True,0,ZERO,0,COAST,0,0,False,False,False,False,False,False,False,False,False,0,109.0,55 aa 55 aa 2e 00 16 00 ea 07 07 00 0d 00 0b 00 26 00 07 00 01 00 72 a9 20 00 00 00 00 00 00 00 00 00 00 02 00 00 00 00 00 00 00 00 00 00
2026-07-13T03:28:27.641+00:00,live,278,2026-07-13 11:38:07,True,0,ZERO,0,COAST,0,0,False,False,False,False,False,False,False,False,False,0,94.0,55 aa 55 aa 2e 00 16 00 ea 07 07 00 0d 00 0b 00 26 00 07 00 01 00 72 a9 20 00 00 00 00 00 00 00 00 00 00 02 00 00 00 00 00 00 00 00 00 00
2026-07-13T03:28:27.742+00:00,live,279,2026-07-13 11:38:07,True,0,ZERO,0,COAST,0,0,False,False,False,False,False,False,False,False,False,0,109.0,55 aa 55 aa 2e 00 16 00 ea 07 07 00 0d 00 0b 00 26 00 07 00 01 00 72 a9 20 00 00 00 00 00 00 00 00 00 00 02 00 00 00 00 00 00 00 00 00 00
2026-07-13T03:28:27.843+00:00,live,280,2026-07-13 11:38:07,True,0,ZERO,0,COAST,0,0,False,False,False,False,False,False,False,False,False,0,94.0,55 aa 55 aa 2e 00 16 00 ea 07 07 00 0d 00 0b 00 26 00 07 00 01 00 72 a9 20 00 00 00 00 00 00 00 00 00 00 02 00 00 00 00 00 00 00 00 00 00
2026-07-13T03:28:27.944+00:00,live,281,2026-07-13 11:38:07,True,0,ZERO,0,COAST,0,0,False,False,False,False,False,False,False,False,False,0,109.0,55 aa 55 aa 2e 00 16 00 ea 07 07 00 0d 00 0b 00 26 00 07 00 01 00 72 a9 20 00 00 00 00 00 00 00 00 00 00 02 00 00 00 00 00 00 00 00 00 00
2026-07-13T03:28:28.043+00:00,live,282,2026-07-13 11:38:07,True,0,ZERO,0,COAST,0,0,False,False,False,False,False,False,False,False,False,0,94.0,55 aa 55 aa 2e 00 16 00 ea 07 07 00 0d 00 0b 00 26 00 07 00 01 00 72 a9 20 00 00 00 00 00 00 00 00 00 00 02 00 00 00 00 00 00 00 00 00 00
2026-07-13T03:28:28.145+00:00,live,283,2026-07-13 11:38:07,True,0,ZERO,0,COAST,0,0,False,False,False,False,False,False,False,False,False,0,109.0,55 aa 55 aa 2e 00 16 00 ea 07 07 00 0d 00 0b 00 26 00 07 00 01 00 72 a9 20 00 00 00 00 00 00 00 00 00 00 02 00 00 00 00 00 00 00 00 00 00
2026-07-13T03:28:28.245+00:00,live,284,2026-07-13 11:38:07,True,0,ZERO,0,COAST,0,0,False,False,False,False,False,False,False,False,False,0,94.0,55 aa 55 aa 2e 00 16 00 ea 07 07 00 0d 00 0b 00 26 00 07 00 01 00 72 a9 20 00 00 00 00 00 00 00 00 00 00 02 00 00 00 00 00 00 00 00 00 00
2026-07-13T03:28:28.346+00:00,live,285,2026-07-13 11:38:07,True,0,ZERO,0,COAST,0,0,False,False,False,False,False,False,False,False,False,0,94.0,55 aa 55 aa 2e 00 16 00 ea 07 07 00 0d 00 0b 00 26 00 07 00 01 00 72 a9 20 00 00 00 00 00 00 00 00 00 00 02 00 00 00 00 00 00 00 00 00 00
2026-07-13T03:28:28.447+00:00,live,286,2026-07-13 11:38:07,True,0,ZERO,0,COAST,0,0,False,False,False,False,False,False,False,False,False,0,109.0,55 aa 55 aa 2e 00 16 00 ea 07 07 00 0d 00 0b 00 26 00 07 00 01 00 72 a9 20 00 00 00 00 00 00 00 00 00 00 02 00 00 00 00 00 00 00 00 00 00
2026-07-13T03:28:28.546+00:00,live,287,2026-07-13 11:38:08,True,0,ZERO,0,COAST,0,0,False,False,False,False,False,False,False,False,False,0,94.0,55 aa 55 aa 2e 00 16 00 ea 07 07 00 0d 00 0b 00 26 00 08 00 01 00 72 a9 20 00 00 00 00 00 00 00 00 00 00 02 00 00 00 00 00 00 00 00 00 00
2026-07-13T03:28:28.647+00:00,live,288,2026-07-13 11:38:08,True,0,ZERO,0,COAST,0,0,False,False,False,False,False,False,False,False,False,0,109.0,55 aa 55 aa 2e 00 16 00 ea 07 07 00 0d 00 0b 00 26 00 08 00 01 00 72 a9 20 00 00 00 00 00 00 00 00 00 00 02 00 00 00 00 00 00 00 00 00 00
2026-07-13T03:28:28.748+00:00,live,289,2026-07-13 11:38:08,True,0,ZERO,0,COAST,0,0,False,False,False,False,False,False,False,False,False,0,94.0,55 aa 55 aa 2e 00 16 00 ea 07 07 00 0d 00 0b 00 26 00 08 00 01 00 72 a9 20 00 00 00 00 00 00 00 00 00 00 02 00 00 00 00 00 00 00 00 00 00
2026-07-13T03:28:28.849+00:00,live,290,2026-07-13 11:38:08,True,0,ZERO,0,COAST,0,0,False,False,False,False,False,False,False,False,False,0,109.0,55 aa 55 aa 2e 00 16 00 ea 07 07 00 0d 00 0b 00 26 00 08 00 01 00 72 a9 20 00 00 00 00 00 00 00 00 00 00 02 00 00 00 00 00 00 00 00 00 00
2026-07-13T03:28:28.949+00:00,live,291,2026-07-13 11:38:08,True,0,ZERO,0,COAST,0,0,False,False,False,False,False,False,False,False,False,0,94.0,55 aa 55 aa 2e 00 16 00 ea 07 07 00 0d 00 0b 00 26 00 08 00 01 00 72 a9 20 00 00 00 00 00 00 00 00 00 00 02 00 00 00 00 00 00 00 00 00 00
2026-07-13T03:28:29.049+00:00,live,292,2026-07-13 11:38:08,True,0,ZERO,0,COAST,0,0,False,False,False,False,False,False,False,False,False,0,94.0,55 aa 55 aa 2e 00 16 00 ea 07 07 00 0d 00 0b 00 26 00 08 00 01 00 72 a9 20 00 00 00 00 00 00 00 00 00 00 02 00 00 00 00 00 00 00 00 00 00
2026-07-13T03:28:29.150+00:00,live,293,2026-07-13 11:38:08,True,0,ZERO,0,COAST,0,0,False,False,False,False,False,False,False,False,False,0,109.0,55 aa 55 aa 2e 00 16 00 ea 07 07 00 0d 00 0b 00 26 00 08 00 01 00 72 a9 20 00 00 00 00 00 00 00 00 00 00 02 00 00 00 00 00 00 00 00 00 00
2026-07-13T03:28:29.250+00:00,live,294,2026-07-13 11:38:08,True,0,ZERO,0,COAST,0,0,False,False,False,False,False,False,False,False,False,0,94.0,55 aa 55 aa 2e 00 16 00 ea 07 07 00 0d 00 0b 00 26 00 08 00 01 00 72 a9 20 00 00 00 00 00 00 00 00 00 00 02 00 00 00 00 00 00 00 00 00 00
2026-07-13T03:28:29.352+00:00,live,295,2026-07-13 11:38:08,True,0,ZERO,0,COAST,0,0,False,False,False,False,False,False,False,False,False,0,109.0,55 aa 55 aa 2e 00 16 00 ea 07 07 00 0d 00 0b 00 26 00 08 00 01 00 72 a9 20 00 00 00 00 00 00 00 00 00 00 02 00 00 00 00 00 00 00 00 00 00
2026-07-13T03:28:29.451+00:00,live,296,2026-07-13 11:38:08,True,0,ZERO,0,COAST,0,0,False,False,False,False,False,False,False,False,False,0,94.0,55 aa 55 aa 2e 00 16 00 ea 07 07 00 0d 00 0b 00 26 00 08 00 01 00 72 a9 20 00 00 00 00 00 00 00 00 00 00 02 00 00 00 00 00 00 00 00 00 00
2026-07-13T03:28:29.553+00:00,live,297,2026-07-13 11:38:09,True,0,ZERO,0,COAST,0,0,False,False,False,False,False,False,False,False,False,0,110.0,55 aa 55 aa 2e 00 16 00 ea 07 07 00 0d 00 0b 00 26 00 09 00 01 00 72 a9 20 00 00 00 00 00 00 00 00 00 00 02 00 00 00 00 00 00 00 00 00 00
2026-07-13T03:28:29.652+00:00,live,298,2026-07-13 11:38:09,True,0,ZERO,0,COAST,0,0,False,False,False,False,False,False,False,False,False,0,93.0,55 aa 55 aa 2e 00 16 00 ea 07 07 00 0d 00 0b 00 26 00 09 00 01 00 72 a9 20 00 00 00 00 00 00 00 00 00 00 02 00 00 00 00 00 00 00 00 00 00
2026-07-13T03:28:29.752+00:00,live,299,2026-07-13 11:38:09,True,0,ZERO,0,COAST,0,0,False,False,False,False,False,False,False,False,False,0,94.0,55 aa 55 aa 2e 00 16 00 ea 07 07 00 0d 00 0b 00 26 00 09 00 01 00 72 a9 20 00 00 00 00 00 00 00 00 00 00 02 00 00 00 00 00 00 00 00 00 00
